entity_id,entity_type,name,description,metadata_json
CORP.001,Metric,CompanyName,Corporate & Ownership 领域的指标,{"domain":"CORP","derived":"" if derived else "false"}
CORP.002,Metric,LegalEntityType,Corporate & Ownership 领域的指标,{"domain":"CORP","derived":"" if derived else "false"}
CORP.003,Metric,RegistrationNumber,Corporate & Ownership 领域的指标,{"domain":"CORP","derived":"" if derived else "false"}
CORP.004,Metric,EstablishmentDate,Corporate & Ownership 领域的指标,{"domain":"CORP","derived":"" if derived else "false"}
CORP.005,Metric,RegisteredCapital,Corporate & Ownership 领域的指标,{"domain":"CORP","derived":"" if derived else "false"}
CORP.006,Metric,PaidInCapital,Corporate & Ownership 领域的指标,{"domain":"CORP","derived":"" if derived else "false"}
CORP.007,Metric,RegisteredAddress,Corporate & Ownership 领域的指标,{"domain":"CORP","derived":"" if derived else "false"}
CORP.008,Metric,OperatingAddress,Corporate & Ownership 领域的指标,{"domain":"CORP","derived":"" if derived else "false"}
CORP.009,Metric,BusinessScope,Corporate & Ownership 领域的指标,{"domain":"CORP","derived":"" if derived else "false"}
CORP.010,Metric,BusinessStatus,Corporate & Ownership 领域的指标,{"domain":"CORP","derived":"" if derived else "false"}
CORP.011,Metric,TotalShares,Corporate & Ownership 领域的指标,{"domain":"CORP","derived":"" if derived else "false"}
CORP.012,Metric,ShareholderCount,Corporate & Ownership 领域的指标,{"domain":"CORP","derived":"" if derived else "false"}
CORP.013,Metric,Top1ShareholderRatio,Corporate & Ownership 领域的指标,{"domain":"CORP","derived":"" if derived else "false"}
CORP.014,Metric,Top3ShareholderRatio,Corporate & Ownership 领域的指标,{"domain":"CORP","derived":"" if derived else "false"}
CORP.015,Metric,Top5ShareholderRatio,Corporate & Ownership 领域的指标,{"domain":"CORP","derived":"" if derived else "false"}
CORP.016,Metric,FounderOwnership,Corporate & Ownership 领域的指标,{"domain":"CORP","derived":"" if derived else "false"}
CORP.017,Metric,ManagementOwnership,Corporate & Ownership 领域的指标,{"domain":"CORP","derived":"" if derived else "false"}
CORP.018,Metric,EmployeeOwnership,Corporate & Ownership 领域的指标,{"domain":"CORP","derived":"" if derived else "false"}
CORP.019,Metric,InstitutionalOwnership,Corporate & Ownership 领域的指标,{"domain":"CORP","derived":"" if derived else "false"}
CORP.020,Metric,ForeignOwnership,Corporate & Ownership 领域的指标,{"domain":"CORP","derived":"" if derived else "false"}
CORP.021,Metric,UltimateBeneficialOwner,Corporate & Ownership 领域的指标,{"domain":"CORP","derived":"" if derived else "false"}
CORP.022,Metric,VotingRightsRatio,Corporate & Ownership 领域的指标,{"domain":"CORP","derived":"" if derived else "false"}
CORP.023,Metric,ControlRightsRatio,Corporate & Ownership 领域的指标,{"domain":"CORP","derived":"" if derived else "false"}
CORP.024,Metric,FounderControlRatio,Corporate & Ownership 领域的指标,{"domain":"CORP","derived":"" if derived else "false"}
CORP.025,Metric,BoardControlRatio,Corporate & Ownership 领域的指标,{"domain":"CORP","derived":"" if derived else "false"}
CORP.026,Metric,VetoRights,Corporate & Ownership 领域的指标,{"domain":"CORP","derived":"" if derived else "false"}
CORP.027,Metric,ConcertPartyArrangement,Corporate & Ownership 领域的指标,{"domain":"CORP","derived":"" if derived else "false"}
CORP.028,Metric,ControlChainLength,Corporate & Ownership 领域的指标,{"domain":"CORP","derived":"" if derived else "false"}
CORP.029,Metric,ControlComplexity,Corporate & Ownership 领域的指标,{"domain":"CORP","derived":"" if derived else "false"}
CORP.030,Metric,ControlStability,Corporate & Ownership 领域的指标,{"domain":"CORP","derived":"" if derived else "false"}
CORP.031,Metric,SubsidiaryCount,Corporate & Ownership 领域的指标,{"domain":"CORP","derived":"" if derived else "false"}
CORP.032,Metric,ControlledSubsidiaryRatio,Corporate & Ownership 领域的指标,{"domain":"CORP","derived":"" if derived else "false"}
CORP.033,Metric,AssociateCount,Corporate & Ownership 领域的指标,{"domain":"CORP","derived":"" if derived else "false"}
CORP.034,Metric,JointVentureCount,Corporate & Ownership 领域的指标,{"domain":"CORP","derived":"" if derived else "false"}
CORP.035,Metric,ConsolidationScope,Corporate & Ownership 领域的指标,{"domain":"CORP","derived":"" if derived else "false"}
CORP.036,Metric,RelatedPartyCount,Corporate & Ownership 领域的指标,{"domain":"CORP","derived":"" if derived else "false"}
CORP.037,Metric,RelatedPartyTransactionRatio,Corporate & Ownership 领域的指标,{"domain":"CORP","derived":"" if derived else "false"}
CORP.038,Metric,RelatedPartyReceivable,Corporate & Ownership 领域的指标,{"domain":"CORP","derived":"" if derived else "false"}
CORP.039,Metric,RelatedPartyPayable,Corporate & Ownership 领域的指标,{"domain":"CORP","derived":"" if derived else "false"}
CORP.040,Metric,RelatedPartyCapitalOccupation,Corporate & Ownership 领域的指标,{"domain":"CORP","derived":"" if derived else "false"}
CORP.041,Metric,CorporateLifecycleStatus,Corporate & Ownership 领域的指标,{"domain":"CORP","derived":"" if derived else "false"}
CORP.042,Metric,CorporateRegistrationAnomalies,Corporate & Ownership 领域的指标,{"domain":"CORP","derived":"" if derived else "false"}
CORP.043,Metric,DormantShellEntityExposure,Corporate & Ownership 领域的指标,{"domain":"CORP","derived":"" if derived else "false"}
CORP.044,Metric,CorporateInformationCompleteness,Corporate & Ownership 领域的指标,{"domain":"CORP","derived":"" if derived else "false"}
CORP.045,Metric,CorporateDataConsistency,Corporate & Ownership 领域的指标,{"domain":"CORP","derived":"" if derived else "false"}
MGMT.001,Metric,FounderAge,Management & Organization 领域的指标,{"domain":"MGMT","derived":"" if derived else "false"}
MGMT.002,Metric,FounderEducation,Management & Organization 领域的指标,{"domain":"MGMT","derived":"" if derived else "false"}
MGMT.003,Metric,FounderIndustryExperience,Management & Organization 领域的指标,{"domain":"MGMT","derived":"" if derived else "false"}
MGMT.004,Metric,FounderManagementExperience,Management & Organization 领域的指标,{"domain":"MGMT","derived":"" if derived else "false"}
MGMT.005,Metric,FounderEntrepreneurialExperience,Management & Organization 领域的指标,{"domain":"MGMT","derived":"" if derived else "false"}
MGMT.006,Metric,FounderTenure,Management & Organization 领域的指标,{"domain":"MGMT","derived":"" if derived else "false"}
MGMT.007,Metric,FounderOwnership,Management & Organization 领域的指标,{"domain":"MGMT","derived":"" if derived else "false"}
MGMT.008,Metric,FounderControl,Management & Organization 领域的指标,{"domain":"MGMT","derived":"" if derived else "false"}
MGMT.009,Metric,FounderReputation,Management & Organization 领域的指标,{"domain":"MGMT","derived":"" if derived else "false"}
MGMT.010,Metric,FounderDependency,Management & Organization 领域的指标,{"domain":"MGMT","derived":"" if derived else "false"}
MGMT.011,Metric,ManagementTeamSize,Management & Organization 领域的指标,{"domain":"MGMT","derived":"" if derived else "false"}
MGMT.012,Metric,AverageManagementTenure,Management & Organization 领域的指标,{"domain":"MGMT","derived":"" if derived else "false"}
MGMT.013,Metric,ManagementTurnover,Management & Organization 领域的指标,{"domain":"MGMT","derived":"" if derived else "false"}
MGMT.014,Metric,CEO_Tenure,Management & Organization 领域的指标,{"domain":"MGMT","derived":"" if derived else "false"}
MGMT.015,Metric,CFO_Tenure,Management & Organization 领域的指标,{"domain":"MGMT","derived":"" if derived else "false"}
MGMT.016,Metric,CTO_Tenure,Management & Organization 领域的指标,{"domain":"MGMT","derived":"" if derived else "false"}
MGMT.017,Metric,SalesHeadTenure,Management & Organization 领域的指标,{"domain":"MGMT","derived":"" if derived else "false"}
MGMT.018,Metric,OperationsHeadTenure,Management & Organization 领域的指标,{"domain":"MGMT","derived":"" if derived else "false"}
MGMT.019,Metric,KeyManagementVacancy,Management & Organization 领域的指标,{"domain":"MGMT","derived":"" if derived else "false"}
MGMT.020,Metric,ManagementSuccessionPlan,Management & Organization 领域的指标,{"domain":"MGMT","derived":"" if derived else "false"}
MGMT.021,Metric,EmployeeCount,Management & Organization 领域的指标,{"domain":"MGMT","derived":"" if derived else "false"}
MGMT.022,Metric,EmployeeGrowthRate,Management & Organization 领域的指标,{"domain":"MGMT","derived":"" if derived else "false"}
MGMT.023,Metric,EmployeeTurnoverRate,Management & Organization 领域的指标,{"domain":"MGMT","derived":"" if derived else "false"}
MGMT.024,Metric,AverageEmployeeTenure,Management & Organization 领域的指标,{"domain":"MGMT","derived":"" if derived else "false"}
MGMT.025,Metric,AverageEmployeeCost,Management & Organization 领域的指标,{"domain":"MGMT","derived":"" if derived else "false"}
MGMT.026,Metric,SalesHeadcount,Management & Organization 领域的指标,{"domain":"MGMT","derived":"" if derived else "false"}
MGMT.027,Metric,SalesHeadcountRatio,Management & Organization 领域的指标,{"domain":"MGMT","derived":"" if derived else "false"}
MGMT.028,Metric,ManagementHeadcount,Management & Organization 领域的指标,{"domain":"MGMT","derived":"" if derived else "false"}
MGMT.029,Metric,RevenuePerEmployee,Management & Organization 领域的指标,{"domain":"MGMT","derived":"" if derived else "false"}
MGMT.030,Metric,EBITDAPerEmployee,Management & Organization 领域的指标,{"domain":"MGMT","derived":"" if derived else "false"}
MGMT.031,Metric,ManagementSpan,Management & Organization 领域的指标,{"domain":"MGMT","derived":"" if derived else "false"}
MGMT.032,Metric,OrganizationalLayerCount,Management & Organization 领域的指标,{"domain":"MGMT","derived":"" if derived else "false"}
MGMT.033,Metric,CriticalRoleCoverage,Management & Organization 领域的指标,{"domain":"MGMT","derived":"" if derived else "false"}
MGMT.034,Metric,TalentRetentionCapability,Management & Organization 领域的指标,{"domain":"MGMT","derived":"" if derived else "false"}
MGMT.035,Metric,ManagementBenchStrength,Management & Organization 领域的指标,{"domain":"MGMT","derived":"" if derived else "false"}
MGMT.036,Metric,KeyRoleVacancy,Management & Organization 领域的指标,{"domain":"MGMT","derived":"" if derived else "false"}
MGMT.037,Metric,ManagementCapabilityGap,Management & Organization 领域的指标,{"domain":"MGMT","derived":"" if derived else "false"}
MGMT.038,Metric,ManagementScalability,Management & Organization 领域的指标,{"domain":"MGMT","derived":"" if derived else "false"}
MGMT.039,Metric,FunctionalTeamSpecializationScore,Management & Organization 领域的指标,{"domain":"MGMT","derived":"" if derived else "false"}
MGMT.040,Metric,FunctionalTeamSizeVsBenchmark,Management & Organization 领域的指标,{"domain":"MGMT","derived":"" if derived else "false"}
MGMT.041,Metric,FunctionalTeamAttritionRate,Management & Organization 领域的指标,{"domain":"MGMT","derived":"" if derived else "false"}
BMOD.001,Metric,BusinessModelType,Business Model 领域的指标,{"domain":"BMOD","derived":"" if derived else "false"}
BMOD.002,Metric,RevenueModelType,Business Model 领域的指标,{"domain":"BMOD","derived":"" if derived else "false"}
BMOD.003,Metric,CostModelType,Business Model 领域的指标,{"domain":"BMOD","derived":"" if derived else "false"}
BMOD.004,Metric,ValueProposition,Business Model 领域的指标,{"domain":"BMOD","derived":"" if derived else "false"}
BMOD.005,Metric,TargetCustomerType,Business Model 领域的指标,{"domain":"BMOD","derived":"" if derived else "false"}
BMOD.006,Metric,SalesModelType,Business Model 领域的指标,{"domain":"BMOD","derived":"" if derived else "false"}
BMOD.007,Metric,DistributionModel,Business Model 领域的指标,{"domain":"BMOD","derived":"" if derived else "false"}
BMOD.008,Metric,MonetizationMechanism,Business Model 领域的指标,{"domain":"BMOD","derived":"" if derived else "false"}
BMOD.009,Metric,RecurringRevenueRatio,Business Model 领域的指标,{"domain":"BMOD","derived":"" if derived else "false"}
BMOD.010,Metric,NonRecurringRevenueRatio,Business Model 领域的指标,{"domain":"BMOD","derived":"" if derived else "false"}
BMOD.011,Metric,ProductRevenueRatio,Business Model 领域的指标,{"domain":"BMOD","derived":"" if derived else "false"}
BMOD.012,Metric,ServiceRevenueRatio,Business Model 领域的指标,{"domain":"BMOD","derived":"" if derived else "false"}
BMOD.013,Metric,SubscriptionRevenueRatio,Business Model 领域的指标,{"domain":"BMOD","derived":"" if derived else "false"}
BMOD.014,Metric,ProjectRevenueRatio,Business Model 领域的指标,{"domain":"BMOD","derived":"" if derived else "false"}
BMOD.015,Metric,LicensingRevenueRatio,Business Model 领域的指标,{"domain":"BMOD","derived":"" if derived else "false"}
BMOD.016,Metric,DomesticRevenueRatio,Business Model 领域的指标,{"domain":"BMOD","derived":"" if derived else "false"}
BMOD.017,Metric,OverseasRevenueRatio,Business Model 领域的指标,{"domain":"BMOD","derived":"" if derived else "false"}
BMOD.018,Metric,B2BRevenueRatio,Business Model 领域的指标,{"domain":"BMOD","derived":"" if derived else "false"}
BMOD.019,Metric,B2CRevenueRatio,Business Model 领域的指标,{"domain":"BMOD","derived":"" if derived else "false"}
BMOD.020,Metric,NewBusinessRevenueRatio,Business Model 领域的指标,{"domain":"BMOD","derived":"" if derived else "false"}
BMOD.021,Metric,AverageRevenuePerCustomer,Business Model 领域的指标,{"domain":"BMOD","derived":"" if derived else "false"}
BMOD.022,Metric,CustomerAcquisitionCost,Business Model 领域的指标,{"domain":"BMOD","derived":"" if derived else "false"}
BMOD.023,Metric,CustomerLifetimeValue,Business Model 领域的指标,{"domain":"BMOD","derived":"" if derived else "false"}
BMOD.024,Metric,LTV_CAC,Business Model 领域的指标,{"domain":"BMOD","derived":"" if derived else "false"}
BMOD.025,Metric,CACPaybackPeriod,Business Model 领域的指标,{"domain":"BMOD","derived":"" if derived else "false"}
BMOD.026,Metric,ContributionMargin,Business Model 领域的指标,{"domain":"BMOD","derived":"" if derived else "false"}
BMOD.027,Metric,ContributionMarginPerCustomer,Business Model 领域的指标,{"domain":"BMOD","derived":"" if derived else "false"}
BMOD.028,Metric,AverageSellingPrice,Business Model 领域的指标,{"domain":"BMOD","derived":"" if derived else "false"}
BMOD.029,Metric,AverageOrderValue,Business Model 领域的指标,{"domain":"BMOD","derived":"" if derived else "false"}
BMOD.030,Metric,RevenuePerTransaction,Business Model 领域的指标,{"domain":"BMOD","derived":"" if derived else "false"}
BMOD.031,Metric,SingleProductRevenueRatio,Business Model 领域的指标,{"domain":"BMOD","derived":"" if derived else "false"}
BMOD.032,Metric,SingleCustomerRevenueRatio,Business Model 领域的指标,{"domain":"BMOD","derived":"" if derived else "false"}
BMOD.033,Metric,SingleChannelRevenueRatio,Business Model 领域的指标,{"domain":"BMOD","derived":"" if derived else "false"}
BMOD.034,Metric,SingleRegionRevenueRatio,Business Model 领域的指标,{"domain":"BMOD","derived":"" if derived else "false"}
BMOD.035,Metric,PolicyDependentRevenueRatio,Business Model 领域的指标,{"domain":"BMOD","derived":"" if derived else "false"}
CUST.001,Metric,CustomerCount,Customer & Sales 领域的指标,{"domain":"CUST","derived":"" if derived else "false"}
CUST.002,Metric,ActiveCustomerCount,Customer & Sales 领域的指标,{"domain":"CUST","derived":"" if derived else "false"}
CUST.003,Metric,NewCustomerCount,Customer & Sales 领域的指标,{"domain":"CUST","derived":"" if derived else "false"}
CUST.004,Metric,LostCustomerCount,Customer & Sales 领域的指标,{"domain":"CUST","derived":"" if derived else "false"}
CUST.005,Metric,CustomerGrowthRate,Customer & Sales 领域的指标,{"domain":"CUST","derived":"" if derived else "false"}
CUST.006,Metric,CustomerAverageTenure,Customer & Sales 领域的指标,{"domain":"CUST","derived":"" if derived else "false"}
CUST.007,Metric,CustomerRepeatRate,Customer & Sales 领域的指标,{"domain":"CUST","derived":"" if derived else "false"}
CUST.008,Metric,CustomerRetentionRate,Customer & Sales 领域的指标,{"domain":"CUST","derived":"" if derived else "false"}
CUST.009,Metric,CustomerChurnRate,Customer & Sales 领域的指标,{"domain":"CUST","derived":"" if derived else "false"}
CUST.010,Metric,CustomerReactivationRate,Customer & Sales 领域的指标,{"domain":"CUST","derived":"" if derived else "false"}
CUST.011,Metric,Top1CustomerRevenueRatio,Customer & Sales 领域的指标,{"domain":"CUST","derived":"" if derived else "false"}
CUST.012,Metric,Top3CustomerRevenueRatio,Customer & Sales 领域的指标,{"domain":"CUST","derived":"" if derived else "false"}
CUST.013,Metric,Top5CustomerRevenueRatio,Customer & Sales 领域的指标,{"domain":"CUST","derived":"" if derived else "false"}
CUST.014,Metric,Top10CustomerRevenueRatio,Customer & Sales 领域的指标,{"domain":"CUST","derived":"" if derived else "false"}
CUST.015,Metric,CustomerHHI,Customer & Sales 领域的指标,{"domain":"CUST","derived":"" if derived else "false"}
CUST.016,Metric,Top1CustomerGrossProfitRatio,Customer & Sales 领域的指标,{"domain":"CUST","derived":"" if derived else "false"}
CUST.017,Metric,Top5CustomerGrossProfitRatio,Customer & Sales 领域的指标,{"domain":"CUST","derived":"" if derived else "false"}
CUST.018,Metric,StrategicCustomerRatio,Customer & Sales 领域的指标,{"domain":"CUST","derived":"" if derived else "false"}
CUST.019,Metric,RelatedCustomerRevenueRatio,Customer & Sales 领域的指标,{"domain":"CUST","derived":"" if derived else "false"}
CUST.020,Metric,OverseasCustomerRatio,Customer & Sales 领域的指标,{"domain":"CUST","derived":"" if derived else "false"}
CUST.021,Metric,CustomerCreditQuality,Customer & Sales 领域的指标,{"domain":"CUST","derived":"" if derived else "false"}
CUST.022,Metric,CustomerProfitability,Customer & Sales 领域的指标,{"domain":"CUST","derived":"" if derived else "false"}
CUST.023,Metric,CustomerGrossMargin,Customer & Sales 领域的指标,{"domain":"CUST","derived":"" if derived else "false"}
CUST.024,Metric,CustomerPaymentDays,Customer & Sales 领域的指标,{"domain":"CUST","derived":"" if derived else "false"}
CUST.025,Metric,CustomerAR,Customer & Sales 领域的指标,{"domain":"CUST","derived":"" if derived else "false"}
CUST.026,Metric,CustomerOverdueRatio,Customer & Sales 领域的指标,{"domain":"CUST","derived":"" if derived else "false"}
CUST.027,Metric,CustomerBadDebtRatio,Customer & Sales 领域的指标,{"domain":"CUST","derived":"" if derived else "false"}
CUST.028,Metric,CustomerContractCoverage,Customer & Sales 领域的指标,{"domain":"CUST","derived":"" if derived else "false"}
CUST.029,Metric,CustomerRenewalProbability,Customer & Sales 领域的指标,{"domain":"CUST","derived":"" if derived else "false"}
CUST.030,Metric,CustomerDependencyScore,Customer & Sales 领域的指标,{"domain":"CUST","derived":"" if derived else "false"}
CUST.031,Metric,ActiveContractCount,Customer & Sales 领域的指标,{"domain":"CUST","derived":"" if derived else "false"}
CUST.032,Metric,ContractValue,Customer & Sales 领域的指标,{"domain":"CUST","derived":"" if derived else "false"}
CUST.033,Metric,ContractBacklog,Customer & Sales 领域的指标,{"domain":"CUST","derived":"" if derived else "false"}
CUST.034,Metric,ContractAverageDuration,Customer & Sales 领域的指标,{"domain":"CUST","derived":"" if derived else "false"}
CUST.035,Metric,ContractRenewalRate,Customer & Sales 领域的指标,{"domain":"CUST","derived":"" if derived else "false"}
CUST.036,Metric,ContractTerminationRate,Customer & Sales 领域的指标,{"domain":"CUST","derived":"" if derived else "false"}
CUST.037,Metric,ContractPriceAdjustmentMechanism,Customer & Sales 领域的指标,{"domain":"CUST","derived":"" if derived else "false"}
CUST.038,Metric,ContractExclusivityRatio,Customer & Sales 领域的指标,{"domain":"CUST","derived":"" if derived else "false"}
CUST.039,Metric,MinimumPurchaseCommitment,Customer & Sales 领域的指标,{"domain":"CUST","derived":"" if derived else "false"}
CUST.040,Metric,ChangeOfControlClauseRatio,Customer & Sales 领域的指标,{"domain":"CUST","derived":"" if derived else "false"}
CUST.041,Metric,OrderCount,Customer & Sales 领域的指标,{"domain":"CUST","derived":"" if derived else "false"}
CUST.042,Metric,OrderValue,Customer & Sales 领域的指标,{"domain":"CUST","derived":"" if derived else "false"}
CUST.043,Metric,OrderGrowthRate,Customer & Sales 领域的指标,{"domain":"CUST","derived":"" if derived else "false"}
CUST.044,Metric,AverageOrderValue,Customer & Sales 领域的指标,{"domain":"CUST","derived":"" if derived else "false"}
CUST.045,Metric,OrderConversionRate,Customer & Sales 领域的指标,{"domain":"CUST","derived":"" if derived else "false"}
CUST.046,Metric,OrderCancellationRate,Customer & Sales 领域的指标,{"domain":"CUST","derived":"" if derived else "false"}
CUST.047,Metric,OrderFulfillmentRate,Customer & Sales 领域的指标,{"domain":"CUST","derived":"" if derived else "false"}
CUST.048,Metric,OrderBacklog,Customer & Sales 领域的指标,{"domain":"CUST","derived":"" if derived else "false"}
CUST.049,Metric,BacklogCoverageMonths,Customer & Sales 领域的指标,{"domain":"CUST","derived":"" if derived else "false"}
CUST.050,Metric,BacklogConversionRate,Customer & Sales 领域的指标,{"domain":"CUST","derived":"" if derived else "false"}
CUST.051,Metric,LeadCount,Customer & Sales 领域的指标,{"domain":"CUST","derived":"" if derived else "false"}
CUST.052,Metric,QualifiedLeadCount,Customer & Sales 领域的指标,{"domain":"CUST","derived":"" if derived else "false"}
CUST.053,Metric,SalesPipelineValue,Customer & Sales 领域的指标,{"domain":"CUST","derived":"" if derived else "false"}
CUST.054,Metric,PipelineCoverage,Customer & Sales 领域的指标,{"domain":"CUST","derived":"" if derived else "false"}
CUST.055,Metric,OpportunityConversionRate,Customer & Sales 领域的指标,{"domain":"CUST","derived":"" if derived else "false"}
CUST.056,Metric,WinRate,Customer & Sales 领域的指标,{"domain":"CUST","derived":"" if derived else "false"}
CUST.057,Metric,AverageSalesCycle,Customer & Sales 领域的指标,{"domain":"CUST","derived":"" if derived else "false"}
CUST.058,Metric,SalesRepProductivity,Customer & Sales 领域的指标,{"domain":"CUST","derived":"" if derived else "false"}
CUST.059,Metric,SalesExpenseRatio,Customer & Sales 领域的指标,{"domain":"CUST","derived":"" if derived else "false"}
CUST.060,Metric,SalesEfficiency,Customer & Sales 领域的指标,{"domain":"CUST","derived":"" if derived else "false"}
CUST.061,Metric,RepurchaseRate,Customer & Sales 领域的指标,{"domain":"CUST","derived":"" if derived else "false"}
PROD.001,Metric,ProductCount,Product & Production 领域的指标,{"domain":"PROD","derived":"" if derived else "false"}
PROD.002,Metric,ActiveSKUCount,Product & Production 领域的指标,{"domain":"PROD","derived":"" if derived else "false"}
PROD.003,Metric,NewProductCount,Product & Production 领域的指标,{"domain":"PROD","derived":"" if derived else "false"}
PROD.004,Metric,NewProductRevenueRatio,Product & Production 领域的指标,{"domain":"PROD","derived":"" if derived else "false"}
PROD.005,Metric,ProductRevenueConcentration,Product & Production 领域的指标,{"domain":"PROD","derived":"" if derived else "false"}
PROD.006,Metric,ProductGrossMargin,Product & Production 领域的指标,{"domain":"PROD","derived":"" if derived else "false"}
PROD.007,Metric,ProductGrowthRate,Product & Production 领域的指标,{"domain":"PROD","derived":"" if derived else "false"}
PROD.008,Metric,ProductAveragePrice,Product & Production 领域的指标,{"domain":"PROD","derived":"" if derived else "false"}
PROD.009,Metric,ProductReturnRate,Product & Production 领域的指标,{"domain":"PROD","derived":"" if derived else "false"}
PROD.010,Metric,ProductLifecycleStage,Product & Production 领域的指标,{"domain":"PROD","derived":"" if derived else "false"}
PROD.011,Metric,CoreProductRevenueRatio,Product & Production 领域的指标,{"domain":"PROD","derived":"" if derived else "false"}
PROD.012,Metric,MatureProductRevenueRatio,Product & Production 领域的指标,{"domain":"PROD","derived":"" if derived else "false"}
PROD.013,Metric,GrowthProductRevenueRatio,Product & Production 领域的指标,{"domain":"PROD","derived":"" if derived else "false"}
PROD.014,Metric,DecliningProductRevenueRatio,Product & Production 领域的指标,{"domain":"PROD","derived":"" if derived else "false"}
PROD.015,Metric,ProductSubstitutionRisk,Product & Production 领域的指标,{"domain":"PROD","derived":"" if derived else "false"}
PROD.016,Metric,ProductCannibalizationRisk,Product & Production 领域的指标,{"domain":"PROD","derived":"" if derived else "false"}
PROD.017,Metric,ProductDevelopmentCycle,Product & Production 领域的指标,{"domain":"PROD","derived":"" if derived else "false"}
PROD.018,Metric,ProductLaunchSuccessRate,Product & Production 领域的指标,{"domain":"PROD","derived":"" if derived else "false"}
PROD.019,Metric,ProductFailureRate,Product & Production 领域的指标,{"domain":"PROD","derived":"" if derived else "false"}
PROD.020,Metric,ProductCertificationCoverage,Product & Production 领域的指标,{"domain":"PROD","derived":"" if derived else "false"}
PROD.021,Metric,FactoryCount,Product & Production 领域的指标,{"domain":"PROD","derived":"" if derived else "false"}
PROD.022,Metric,ProductionSiteCount,Product & Production 领域的指标,{"domain":"PROD","derived":"" if derived else "false"}
PROD.023,Metric,FactoryCapacity,Product & Production 领域的指标,{"domain":"PROD","derived":"" if derived else "false"}
PROD.024,Metric,EffectiveCapacity,Product & Production 领域的指标,{"domain":"PROD","derived":"" if derived else "false"}
PROD.025,Metric,ActualProduction,Product & Production 领域的指标,{"domain":"PROD","derived":"" if derived else "false"}
PROD.026,Metric,CapacityUtilization,Product & Production 领域的指标,{"domain":"PROD","derived":"" if derived else "false"}
PROD.027,Metric,ProductionGrowthRate,Product & Production 领域的指标,{"domain":"PROD","derived":"" if derived else "false"}
PROD.028,Metric,ProductionLineCount,Product & Production 领域的指标,{"domain":"PROD","derived":"" if derived else "false"}
PROD.029,Metric,ProductionLineUtilization,Product & Production 领域的指标,{"domain":"PROD","derived":"" if derived else "false"}
PROD.030,Metric,OEE,Product & Production 领域的指标,{"domain":"PROD","derived":"" if derived else "false"}
PROD.031,Metric,YieldRate,Product & Production 领域的指标,{"domain":"PROD","derived":"" if derived else "false"}
PROD.032,Metric,ScrapRate,Product & Production 领域的指标,{"domain":"PROD","derived":"" if derived else "false"}
PROD.033,Metric,ReworkRate,Product & Production 领域的指标,{"domain":"PROD","derived":"" if derived else "false"}
PROD.034,Metric,ProductionCycleTime,Product & Production 领域的指标,{"domain":"PROD","derived":"" if derived else "false"}
PROD.035,Metric,LeadTime,Product & Production 领域的指标,{"domain":"PROD","derived":"" if derived else "false"}
PROD.036,Metric,OnTimeDeliveryRate,Product & Production 领域的指标,{"domain":"PROD","derived":"" if derived else "false"}
PROD.037,Metric,DowntimeRate,Product & Production 领域的指标,{"domain":"PROD","derived":"" if derived else "false"}
PROD.038,Metric,MaintenanceCost,Product & Production 领域的指标,{"domain":"PROD","derived":"" if derived else "false"}
PROD.039,Metric,UnitProductionCost,Product & Production 领域的指标,{"domain":"PROD","derived":"" if derived else "false"}
PROD.040,Metric,ManufacturingCostRatio,Product & Production 领域的指标,{"domain":"PROD","derived":"" if derived else "false"}
PROD.041,Metric,FirstPassYield,Product & Production 领域的指标,{"domain":"PROD","derived":"" if derived else "false"}
PROD.042,Metric,DefectRate,Product & Production 领域的指标,{"domain":"PROD","derived":"" if derived else "false"}
PROD.043,Metric,CustomerComplaintRate,Product & Production 领域的指标,{"domain":"PROD","derived":"" if derived else "false"}
PROD.044,Metric,ProductReturnRate,Product & Production 领域的指标,{"domain":"PROD","derived":"" if derived else "false"}
PROD.045,Metric,WarrantyClaimRate,Product & Production 领域的指标,{"domain":"PROD","derived":"" if derived else "false"}
PROD.050,Metric,QualityControlSystemMaturity,Product & Production 领域的指标,{"domain":"PROD","derived":"" if derived else "false"}
PROD.051,Metric,ProductionProcessDocumentationCompleteness,Product & Production 领域的指标,{"domain":"PROD","derived":"" if derived else "false"}
SUPP.001,Metric,SupplierCount,Supply Chain 领域的指标,{"domain":"SUPP","derived":"" if derived else "false"}
SUPP.002,Metric,ActiveSupplierCount,Supply Chain 领域的指标,{"domain":"SUPP","derived":"" if derived else "false"}
SUPP.003,Metric,Top1SupplierPurchaseRatio,Supply Chain 领域的指标,{"domain":"SUPP","derived":"" if derived else "false"}
SUPP.004,Metric,Top5SupplierPurchaseRatio,Supply Chain 领域的指标,{"domain":"SUPP","derived":"" if derived else "false"}
SUPP.005,Metric,SupplierHHI,Supply Chain 领域的指标,{"domain":"SUPP","derived":"" if derived else "false"}
SUPP.006,Metric,SingleSourceSupplierCount,Supply Chain 领域的指标,{"domain":"SUPP","derived":"" if derived else "false"}
SUPP.007,Metric,StrategicSupplierCount,Supply Chain 领域的指标,{"domain":"SUPP","derived":"" if derived else "false"}
SUPP.008,Metric,SupplierSwitchingCost,Supply Chain 领域的指标,{"domain":"SUPP","derived":"" if derived else "false"}
SUPP.009,Metric,SupplierAverageTenure,Supply Chain 领域的指标,{"domain":"SUPP","derived":"" if derived else "false"}
SUPP.010,Metric,SupplierConcentrationRisk,Supply Chain 领域的指标,{"domain":"SUPP","derived":"" if derived else "false"}
SUPP.011,Metric,ProcurementValue,Supply Chain 领域的指标,{"domain":"SUPP","derived":"" if derived else "false"}
SUPP.012,Metric,ProcurementGrowthRate,Supply Chain 领域的指标,{"domain":"SUPP","derived":"" if derived else "false"}
SUPP.013,Metric,RawMaterialCostRatio,Supply Chain 领域的指标,{"domain":"SUPP","derived":"" if derived else "false"}
SUPP.014,Metric,ProcurementCostRatio,Supply Chain 领域的指标,{"domain":"SUPP","derived":"" if derived else "false"}
SUPP.015,Metric,AverageProcurementPrice,Supply Chain 领域的指标,{"domain":"SUPP","derived":"" if derived else "false"}
SUPP.016,Metric,ProcurementPriceVolatility,Supply Chain 领域的指标,{"domain":"SUPP","derived":"" if derived else "false"}
SUPP.017,Metric,ImportedMaterialRatio,Supply Chain 领域的指标,{"domain":"SUPP","derived":"" if derived else "false"}
SUPP.018,Metric,SingleCountrySourcingRatio,Supply Chain 领域的指标,{"domain":"SUPP","derived":"" if derived else "false"}
SUPP.019,Metric,LongTermContractCoverage,Supply Chain 领域的指标,{"domain":"SUPP","derived":"" if derived else "false"}
SUPP.020,Metric,ProcurementPaymentDays,Supply Chain 领域的指标,{"domain":"SUPP","derived":"" if derived else "false"}
SUPP.021,Metric,AverageSupplierLeadTime,Supply Chain 领域的指标,{"domain":"SUPP","derived":"" if derived else "false"}
SUPP.022,Metric,SupplyChainCycleTime,Supply Chain 领域的指标,{"domain":"SUPP","derived":"" if derived else "false"}
SUPP.023,Metric,SupplyChainBufferDays,Supply Chain 领域的指标,{"domain":"SUPP","derived":"" if derived else "false"}
SUPP.024,Metric,SafetyStockDays,Supply Chain 领域的指标,{"domain":"SUPP","derived":"" if derived else "false"}
SUPP.025,Metric,SupplyChainDisruptionFrequency,Supply Chain 领域的指标,{"domain":"SUPP","derived":"" if derived else "false"}
SUPP.026,Metric,CriticalMaterialCount,Supply Chain 领域的指标,{"domain":"SUPP","derived":"" if derived else "false"}
SUPP.027,Metric,AlternativeSupplierCoverage,Supply Chain 领域的指标,{"domain":"SUPP","derived":"" if derived else "false"}
SUPP.028,Metric,SupplierQualityRate,Supply Chain 领域的指标,{"domain":"SUPP","derived":"" if derived else "false"}
SUPP.029,Metric,SupplierOnTimeDeliveryRate,Supply Chain 领域的指标,{"domain":"SUPP","derived":"" if derived else "false"}
SUPP.030,Metric,SupplyChainResilienceScore,Supply Chain 领域的指标,{"domain":"SUPP","derived":"" if derived else "false"}
TECH.001,Metric,CoreTechnologyCount,Technology & IP 领域的指标,{"domain":"TECH","derived":"" if derived else "false"}
TECH.002,Metric,TechnologyMaturity,Technology & IP 领域的指标,{"domain":"TECH","derived":"" if derived else "false"}
TECH.003,Metric,TechnologyDifferentiation,Technology & IP 领域的指标,{"domain":"TECH","derived":"" if derived else "false"}
TECH.004,Metric,TechnologyPerformanceAdvantage,Technology & IP 领域的指标,{"domain":"TECH","derived":"" if derived else "false"}
TECH.005,Metric,TechnologyCostAdvantage,Technology & IP 领域的指标,{"domain":"TECH","derived":"" if derived else "false"}
TECH.006,Metric,TechnologyBarrier,Technology & IP 领域的指标,{"domain":"TECH","derived":"" if derived else "false"}
TECH.007,Metric,TechnologyReplacementRisk,Technology & IP 领域的指标,{"domain":"TECH","derived":"" if derived else "false"}
TECH.008,Metric,TechnologyLifecycle,Technology & IP 领域的指标,{"domain":"TECH","derived":"" if derived else "false"}
TECH.009,Metric,TechnologyCommercializationRate,Technology & IP 领域的指标,{"domain":"TECH","derived":"" if derived else "false"}
TECH.010,Metric,TechnologyValidationCount,Technology & IP 领域的指标,{"domain":"TECH","derived":"" if derived else "false"}
TECH.011,Metric,PatentCount,Technology & IP 领域的指标,{"domain":"TECH","derived":"" if derived else "false"}
TECH.012,Metric,InventionPatentCount,Technology & IP 领域的指标,{"domain":"TECH","derived":"" if derived else "false"}
TECH.013,Metric,UtilityPatentCount,Technology & IP 领域的指标,{"domain":"TECH","derived":"" if derived else "false"}
TECH.014,Metric,ValidPatentCount,Technology & IP 领域的指标,{"domain":"TECH","derived":"" if derived else "false"}
TECH.015,Metric,PatentGrantRate,Technology & IP 领域的指标,{"domain":"TECH","derived":"" if derived else "false"}
TECH.016,Metric,PatentGrowthRate,Technology & IP 领域的指标,{"domain":"TECH","derived":"" if derived else "false"}
TECH.017,Metric,PatentFamilyCount,Technology & IP 领域的指标,{"domain":"TECH","derived":"" if derived else "false"}
TECH.018,Metric,CorePatentCount,Technology & IP 领域的指标,{"domain":"TECH","derived":"" if derived else "false"}
TECH.019,Metric,PatentCitationCount,Technology & IP 领域的指标,{"domain":"TECH","derived":"" if derived else "false"}
TECH.020,Metric,PatentGeographicCoverage,Technology & IP 领域的指标,{"domain":"TECH","derived":"" if derived else "false"}
TECH.021,Metric,IPOwnershipRatio,Technology & IP 领域的指标,{"domain":"TECH","derived":"" if derived else "false"}
TECH.022,Metric,ThirdPartyLicenseRatio,Technology & IP 领域的指标,{"domain":"TECH","derived":"" if derived else "false"}
TECH.023,Metric,IPEncumbranceCount,Technology & IP 领域的指标,{"domain":"TECH","derived":"" if derived else "false"}
TECH.024,Metric,IPDisputeCount,Technology & IP 领域的指标,{"domain":"TECH","derived":"" if derived else "false"}
TECH.025,Metric,PatentExpiryExposure,Technology & IP 领域的指标,{"domain":"TECH","derived":"" if derived else "false"}
TECH.026,Metric,PatentInvalidationRisk,Technology & IP 领域的指标,{"domain":"TECH","derived":"" if derived else "false"}
TECH.027,Metric,FreedomToOperate,Technology & IP 领域的指标,{"domain":"TECH","derived":"" if derived else "false"}
TECH.028,Metric,TradeSecretDependency,Technology & IP 领域的指标,{"domain":"TECH","derived":"" if derived else "false"}
TECH.029,Metric,SoftwareCopyrightCount,Technology & IP 领域的指标,{"domain":"TECH","derived":"" if derived else "false"}
TECH.030,Metric,TrademarkCount,Technology & IP 领域的指标,{"domain":"TECH","derived":"" if derived else "false"}
TECH.031,Metric,CorePersonTechnologyDependency,Technology & IP 领域的指标,{"domain":"TECH","derived":"" if derived else "false"}
TECH.032,Metric,ThirdPartyTechnologyDependency,Technology & IP 领域的指标,{"domain":"TECH","derived":"" if derived else "false"}
TECH.033,Metric,OpenSourceDependency,Technology & IP 领域的指标,{"domain":"TECH","derived":"" if derived else "false"}
TECH.034,Metric,PlatformDependency,Technology & IP 领域的指标,{"domain":"TECH","derived":"" if derived else "false"}
TECH.035,Metric,TechnologySupplyDependency,Technology & IP 领域的指标,{"domain":"TECH","derived":"" if derived else "false"}
MKT.001,Metric,TAM,Market & Competition 领域的指标,{"domain":"MKT","derived":"" if derived else "false"}
MKT.002,Metric,SAM,Market & Competition 领域的指标,{"domain":"MKT","derived":"" if derived else "false"}
MKT.003,Metric,SOM,Market & Competition 领域的指标,{"domain":"MKT","derived":"" if derived else "false"}
MKT.004,Metric,MarketSize,Market & Competition 领域的指标,{"domain":"MKT","derived":"" if derived else "false"}
MKT.005,Metric,MarketGrowthRate,Market & Competition 领域的指标,{"domain":"MKT","derived":"" if derived else "false"}
MKT.006,Metric,MarketCAGR,Market & Competition 领域的指标,{"domain":"MKT","derived":"" if derived else "false"}
MKT.007,Metric,MarketPenetration,Market & Competition 领域的指标,{"domain":"MKT","derived":"" if derived else "false"}
MKT.008,Metric,AddressableCustomerCount,Market & Competition 领域的指标,{"domain":"MKT","derived":"" if derived else "false"}
MKT.009,Metric,AverageMarketPrice,Market & Competition 领域的指标,{"domain":"MKT","derived":"" if derived else "false"}
MKT.010,Metric,MarketPriceGrowth,Market & Competition 领域的指标,{"domain":"MKT","derived":"" if derived else "false"}
MKT.011,Metric,CompanyMarketShare,Market & Competition 领域的指标,{"domain":"MKT","derived":"" if derived else "false"}
MKT.012,Metric,CompanyMarketShareGrowth,Market & Competition 领域的指标,{"domain":"MKT","derived":"" if derived else "false"}
MKT.013,Metric,RegionalMarketShare,Market & Competition 领域的指标,{"domain":"MKT","derived":"" if derived else "false"}
MKT.014,Metric,SegmentMarketShare,Market & Competition 领域的指标,{"domain":"MKT","derived":"" if derived else "false"}
MKT.015,Metric,Top3MarketShare,Market & Competition 领域的指标,{"domain":"MKT","derived":"" if derived else "false"}
MKT.016,Metric,Top5MarketShare,Market & Competition 领域的指标,{"domain":"MKT","derived":"" if derived else "false"}
MKT.017,Metric,MarketHHI,Market & Competition 领域的指标,{"domain":"MKT","derived":"" if derived else "false"}
MKT.018,Metric,MarketConcentration,Market & Competition 领域的指标,{"domain":"MKT","derived":"" if derived else "false"}
MKT.019,Metric,MarketFragmentation,Market & Competition 领域的指标,{"domain":"MKT","derived":"" if derived else "false"}
MKT.020,Metric,ShareVolatility,Market & Competition 领域的指标,{"domain":"MKT","derived":"" if derived else "false"}
MKT.021,Metric,CompetitorCount,Market & Competition 领域的指标,{"domain":"MKT","derived":"" if derived else "false"}
MKT.022,Metric,DirectCompetitorCount,Market & Competition 领域的指标,{"domain":"MKT","derived":"" if derived else "false"}
MKT.023,Metric,IndirectCompetitorCount,Market & Competition 领域的指标,{"domain":"MKT","derived":"" if derived else "false"}
MKT.024,Metric,CompetitorRevenueMedian,Market & Competition 领域的指标,{"domain":"MKT","derived":"" if derived else "false"}
MKT.025,Metric,CompetitorGrowthMedian,Market & Competition 领域的指标,{"domain":"MKT","derived":"" if derived else "false"}
MKT.026,Metric,CompetitorGrossMarginMedian,Market & Competition 领域的指标,{"domain":"MKT","derived":"" if derived else "false"}
MKT.027,Metric,CompetitorEBITDAMarginMedian,Market & Competition 领域的指标,{"domain":"MKT","derived":"" if derived else "false"}
MKT.028,Metric,CompetitiveIntensity,Market & Competition 领域的指标,{"domain":"MKT","derived":"" if derived else "false"}
MKT.029,Metric,PriceCompetitionIntensity,Market & Competition 领域的指标,{"domain":"MKT","derived":"" if derived else "false"}
MKT.030,Metric,TechnologyCompetitionIntensity,Market & Competition 领域的指标,{"domain":"MKT","derived":"" if derived else "false"}
MKT.031,Metric,CapitalEntryBarrier,Market & Competition 领域的指标,{"domain":"MKT","derived":"" if derived else "false"}
MKT.032,Metric,TechnologyEntryBarrier,Market & Competition 领域的指标,{"domain":"MKT","derived":"" if derived else "false"}
MKT.033,Metric,CustomerEntryBarrier,Market & Competition 领域的指标,{"domain":"MKT","derived":"" if derived else "false"}
MKT.034,Metric,ChannelEntryBarrier,Market & Competition 领域的指标,{"domain":"MKT","derived":"" if derived else "false"}
MKT.035,Metric,CertificationEntryBarrier,Market & Competition 领域的指标,{"domain":"MKT","derived":"" if derived else "false"}
MKT.036,Metric,RegulatoryEntryBarrier,Market & Competition 领域的指标,{"domain":"MKT","derived":"" if derived else "false"}
MKT.037,Metric,SwitchingCost,Market & Competition 领域的指标,{"domain":"MKT","derived":"" if derived else "false"}
MKT.038,Metric,NetworkEffectStrength,Market & Competition 领域的指标,{"domain":"MKT","derived":"" if derived else "false"}
MKT.039,Metric,ScaleEconomyStrength,Market & Competition 领域的指标,{"domain":"MKT","derived":"" if derived else "false"}
MKT.040,Metric,BrandBarrier,Market & Competition 领域的指标,{"domain":"MKT","derived":"" if derived else "false"}
MKT.042,Metric,PolicyTrendDirection,Market & Competition 领域的指标,{"domain":"MKT","derived":"" if derived else "false"}
FIN.001,Metric,Revenue,Financial 领域的指标,{"domain":"FIN","derived":"" if derived else "false"}
FIN.002,Metric,RevenueGrowthRate,Financial 领域的指标,{"domain":"FIN","derived":"(FIN.001_t - FIN.001_t-1) / FIN.001_t-1" if derived else "false"}
FIN.003,Metric,RevenueCAGR,Financial 领域的指标,{"domain":"FIN","derived":"CAGR of FIN.001" if derived else "false"}
FIN.004,Metric,RevenuePerCustomer,Financial 领域的指标,{"domain":"FIN","derived":"FIN.001 / CUST.001" if derived else "false"}
FIN.005,Metric,RevenuePerEmployee,Financial 领域的指标,{"domain":"FIN","derived":"FIN.001 / MGMT.021" if derived else "false"}
FIN.006,Metric,RevenueConcentration,Financial 领域的指标,{"domain":"FIN","derived":"" if derived else "false"}
FIN.007,Metric,RevenueQualityScore,Financial 领域的指标,{"domain":"FIN","derived":"" if derived else "false"}
FIN.008,Metric,OrganicRevenueGrowth,Financial 领域的指标,{"domain":"FIN","derived":"" if derived else "false"}
FIN.009,Metric,AcquisitionDrivenGrowth,Financial 领域的指标,{"domain":"FIN","derived":"" if derived else "false"}
FIN.010,Metric,RecurringRevenue,Financial 领域的指标,{"domain":"FIN","derived":"" if derived else "false"}
FIN.011,Metric,GrossProfit,Financial 领域的指标,{"domain":"FIN","derived":"FIN.001 - FIN.XXX_COGS" if derived else "false"}
FIN.012,Metric,GrossMargin,Financial 领域的指标,{"domain":"FIN","derived":"FIN.011 / FIN.001" if derived else "false"}
FIN.013,Metric,GrossProfitGrowth,Financial 领域的指标,{"domain":"FIN","derived":"(FIN.011_t - FIN.011_t-1) / FIN.011_t-1" if derived else "false"}
FIN.014,Metric,ProductGrossMargin,Financial 领域的指标,{"domain":"FIN","derived":"" if derived else "false"}
FIN.015,Metric,CustomerGrossMargin,Financial 领域的指标,{"domain":"FIN","derived":"" if derived else "false"}
FIN.016,Metric,RegionalGrossMargin,Financial 领域的指标,{"domain":"FIN","derived":"" if derived else "false"}
FIN.017,Metric,SegmentGrossMargin,Financial 领域的指标,{"domain":"FIN","derived":"" if derived else "false"}
FIN.018,Metric,GrossMarginVolatility,Financial 领域的指标,{"domain":"FIN","derived":"" if derived else "false"}
FIN.019,Metric,GrossMarginBenchmark,Financial 领域的指标,{"domain":"FIN","derived":"" if derived else "false"}
FIN.020,Metric,GrossMarginPosition,Financial 领域的指标,{"domain":"FIN","derived":"" if derived else "false"}
FIN.021,Metric,EBITDA,Financial 领域的指标,{"domain":"FIN","derived":"" if derived else "false"}
FIN.022,Metric,EBITDA_Growth,Financial 领域的指标,{"domain":"FIN","derived":"(FIN.021_t - FIN.021_t-1) / FIN.021_t-1" if derived else "false"}
FIN.023,Metric,EBITDA_Margin,Financial 领域的指标,{"domain":"FIN","derived":"FIN.021 / FIN.001" if derived else "false"}
FIN.024,Metric,EBIT,Financial 领域的指标,{"domain":"FIN","derived":"" if derived else "false"}
FIN.025,Metric,EBITMargin,Financial 领域的指标,{"domain":"FIN","derived":"FIN.024 / FIN.001" if derived else "false"}
FIN.026,Metric,EBITGrowth,Financial 领域的指标,{"domain":"FIN","derived":"(FIN.024_t - FIN.024_t-1) / FIN.024_t-1" if derived else "false"}
FIN.027,Metric,OperatingExpense,Financial 领域的指标,{"domain":"FIN","derived":"" if derived else "false"}
FIN.028,Metric,OperatingExpenseRatio,Financial 领域的指标,{"domain":"FIN","derived":"FIN.027 / FIN.001" if derived else "false"}
FIN.029,Metric,OperatingLeverage,Financial 领域的指标,{"domain":"FIN","derived":"" if derived else "false"}
FIN.030,Metric,NetIncome,Financial 领域的指标,{"domain":"FIN","derived":"" if derived else "false"}
FIN.031,Metric,NetIncomeGrowth,Financial 领域的指标,{"domain":"FIN","derived":"(FIN.030_t - FIN.030_t-1) / FIN.030_t-1" if derived else "false"}
FIN.032,Metric,NetMargin,Financial 领域的指标,{"domain":"FIN","derived":"FIN.030 / FIN.001" if derived else "false"}
FIN.033,Metric,AdjustedNetIncome,Financial 领域的指标,{"domain":"FIN","derived":"" if derived else "false"}
FIN.034,Metric,NonRecurringProfitRatio,Financial 领域的指标,{"domain":"FIN","derived":"(FIN.030 - FIN.033) / FIN.030" if derived else "false"}
FIN.035,Metric,OperatingCashFlow,Financial 领域的指标,{"domain":"FIN","derived":"" if derived else "false"}
FIN.036,Metric,OCFMargin,Financial 领域的指标,{"domain":"FIN","derived":"FIN.035 / FIN.001" if derived else "false"}
FIN.037,Metric,OCFToNetIncome,Financial 领域的指标,{"domain":"FIN","derived":"FIN.035 / FIN.030" if derived else "false"}
FIN.038,Metric,FreeCashFlow,Financial 领域的指标,{"domain":"FIN","derived":"FIN.035 - FIN.085" if derived else "false"}
FIN.039,Metric,FCFMargin,Financial 领域的指标,{"domain":"FIN","derived":"FIN.038 / FIN.001" if derived else "false"}
FIN.040,Metric,FCFYield,Financial 领域的指标,{"domain":"FIN","derived":"FIN.038 / MarketCap" if derived else "false"}
FIN.041,Metric,CashConversionRatio,Financial 领域的指标,{"domain":"FIN","derived":"FIN.035 / FIN.030" if derived else "false"}
FIN.042,Metric,CashConversionCycle,Financial 领域的指标,{"domain":"FIN","derived":"FIN.048 + FIN.049 - FIN.050" if derived else "false"}
FIN.043,Metric,CashGenerationQuality,Financial 领域的指标,{"domain":"FIN","derived":"" if derived else "false"}
FIN.044,Metric,FCFVolatility,Financial 领域的指标,{"domain":"FIN","derived":"" if derived else "false"}
FIN.045,Metric,WorkingCapital,Financial 领域的指标,{"domain":"FIN","derived":"CurrentAssets - CurrentLiabilities" if derived else "false"}
FIN.046,Metric,NetWorkingCapital,Financial 领域的指标,{"domain":"FIN","derived":"" if derived else "false"}
FIN.047,Metric,NWCRevenueRatio,Financial 领域的指标,{"domain":"FIN","derived":"FIN.046 / FIN.001" if derived else "false"}
FIN.048,Metric,DSO,Financial 领域的指标,{"domain":"FIN","derived":"(FIN.056 / FIN.001) * 365" if derived else "false"}
FIN.049,Metric,DIO,Financial 领域的指标,{"domain":"FIN","derived":"(FIN.057 / COGS) * 365" if derived else "false"}
FIN.050,Metric,DPO,Financial 领域的指标,{"domain":"FIN","derived":"(AccountsPayable / COGS) * 365" if derived else "false"}
FIN.051,Metric,ARTurnover,Financial 领域的指标,{"domain":"FIN","derived":"FIN.001 / FIN.056" if derived else "false"}
FIN.052,Metric,InventoryTurnover,Financial 领域的指标,{"domain":"FIN","derived":"COGS / FIN.057" if derived else "false"}
FIN.053,Metric,APPayablesTurnover,Financial 领域的指标,{"domain":"FIN","derived":"" if derived else "false"}
FIN.054,Metric,WorkingCapitalIntensity,Financial 领域的指标,{"domain":"FIN","derived":"" if derived else "false"}
FIN.055,Metric,CashBalance,Financial 领域的指标,{"domain":"FIN","derived":"" if derived else "false"}
FIN.056,Metric,AccountsReceivable,Financial 领域的指标,{"domain":"FIN","derived":"" if derived else "false"}
FIN.057,Metric,InventoryBalance,Financial 领域的指标,{"domain":"FIN","derived":"" if derived else "false"}
FIN.058,Metric,FixedAssets,Financial 领域的指标,{"domain":"FIN","derived":"" if derived else "false"}
FIN.059,Metric,IntangibleAssets,Financial 领域的指标,{"domain":"FIN","derived":"" if derived else "false"}
FIN.060,Metric,TotalAssets,Financial 领域的指标,{"domain":"FIN","derived":"" if derived else "false"}
FIN.061,Metric,TotalLiabilities,Financial 领域的指标,{"domain":"FIN","derived":"" if derived else "false"}
FIN.062,Metric,Equity,Financial 领域的指标,{"domain":"FIN","derived":"" if derived else "false"}
FIN.063,Metric,NetDebt,Financial 领域的指标,{"domain":"FIN","derived":"FIN.065 - FIN.055" if derived else "false"}
FIN.064,Metric,NetDebtGrowth,Financial 领域的指标,{"domain":"FIN","derived":"(FIN.063_t - FIN.063_t-1) / FIN.063_t-1" if derived else "false"}
FIN.065,Metric,TotalDebt,Financial 领域的指标,{"domain":"FIN","derived":"" if derived else "false"}
FIN.066,Metric,ShortTermDebt,Financial 领域的指标,{"domain":"FIN","derived":"" if derived else "false"}
FIN.067,Metric,LongTermDebt,Financial 领域的指标,{"domain":"FIN","derived":"" if derived else "false"}
FIN.068,Metric,NetDebt,Financial 领域的指标,{"domain":"FIN","derived":"" if derived else "false"}
FIN.069,Metric,DebtToEquity,Financial 领域的指标,{"domain":"FIN","derived":"FIN.065 / FIN.062" if derived else "false"}
FIN.070,Metric,DebtToAssets,Financial 领域的指标,{"domain":"FIN","derived":"FIN.061 / FIN.060" if derived else "false"}
FIN.071,Metric,DebtToEBITDA,Financial 领域的指标,{"domain":"FIN","derived":"FIN.065 / FIN.021" if derived else "false"}
FIN.072,Metric,NetDebtToEBITDA,Financial 领域的指标,{"domain":"FIN","derived":"FIN.063 / FIN.021" if derived else "false"}
FIN.073,Metric,InterestCoverage,Financial 领域的指标,{"domain":"FIN","derived":"FIN.024 / InterestExpense" if derived else "false"}
FIN.074,Metric,DebtMaturityConcentration,Financial 领域的指标,{"domain":"FIN","derived":"" if derived else "false"}
FIN.075,Metric,CurrentRatio,Financial 领域的指标,{"domain":"FIN","derived":"CurrentAssets / CurrentLiabilities" if derived else "false"}
FIN.076,Metric,QuickRatio,Financial 领域的指标,{"domain":"FIN","derived":"(CurrentAssets - FIN.057) / CurrentLiabilities" if derived else "false"}
FIN.077,Metric,CashRatio,Financial 领域的指标,{"domain":"FIN","derived":"FIN.055 / CurrentLiabilities" if derived else "false"}
FIN.078,Metric,ShortTermDebtCoverage,Financial 领域的指标,{"domain":"FIN","derived":"FIN.035 / FIN.066" if derived else "false"}
FIN.079,Metric,DebtServiceCoverageRatio,Financial 领域的指标,{"domain":"FIN","derived":"FIN.021 / DebtService" if derived else "false"}
FIN.080,Metric,LiquidityGap,Financial 领域的指标,{"domain":"FIN","derived":"" if derived else "false"}
FIN.081,Metric,MinimumCashRequirement,Financial 领域的指标,{"domain":"FIN","derived":"" if derived else "false"}
FIN.082,Metric,RefinancingNeed,Financial 领域的指标,{"domain":"FIN","derived":"" if derived else "false"}
FIN.083,Metric,RefinancingRisk,Financial 领域的指标,{"domain":"FIN","derived":"" if derived else "false"}
FIN.084,Metric,CovenantHeadroom,Financial 领域的指标,{"domain":"FIN","derived":"" if derived else "false"}
FIN.085,Metric,Capex,Financial 领域的指标,{"domain":"FIN","derived":"" if derived else "false"}
FIN.086,Metric,CapexGrowth,Financial 领域的指标,{"domain":"FIN","derived":"(FIN.085_t - FIN.085_t-1) / FIN.085_t-1" if derived else "false"}
FIN.087,Metric,CapexToRevenue,Financial 领域的指标,{"domain":"FIN","derived":"FIN.085 / FIN.001" if derived else "false"}
FIN.088,Metric,MaintenanceCapex,Financial 领域的指标,{"domain":"FIN","derived":"" if derived else "false"}
FIN.089,Metric,GrowthCapex,Financial 领域的指标,{"domain":"FIN","derived":"" if derived else "false"}
FIN.090,Metric,ROA,Financial 领域的指标,{"domain":"FIN","derived":"FIN.030 / FIN.060" if derived else "false"}
FIN.091,Metric,ROE,Financial 领域的指标,{"domain":"FIN","derived":"FIN.030 / FIN.062" if derived else "false"}
FIN.092,Metric,ROIC,Financial 领域的指标,{"domain":"FIN","derived":"FIN.024 / (FIN.062 + FIN.065)" if derived else "false"}
FIN.093,Metric,IncrementalROIC,Financial 领域的指标,{"domain":"FIN","derived":"" if derived else "false"}
FIN.094,Metric,EconomicProfit,Financial 领域的指标,{"domain":"FIN","derived":"" if derived else "false"}
FIN.095,Metric,RevenueForecast,Financial 领域的指标,{"domain":"FIN","derived":"" if derived else "false"}
FIN.096,Metric,EBITDAForecast,Financial 领域的指标,{"domain":"FIN","derived":"" if derived else "false"}
FIN.097,Metric,EBITForecast,Financial 领域的指标,{"domain":"FIN","derived":"" if derived else "false"}
FIN.098,Metric,NetIncomeForecast,Financial 领域的指标,{"domain":"FIN","derived":"" if derived else "false"}
FIN.099,Metric,OCF_Forecast,Financial 领域的指标,{"domain":"FIN","derived":"" if derived else "false"}
FIN.100,Metric,FCF_Forecast,Financial 领域的指标,{"domain":"FIN","derived":"" if derived else "false"}
FIN.101,Metric,CapexForecast,Financial 领域的指标,{"domain":"FIN","derived":"" if derived else "false"}
FIN.102,Metric,WorkingCapitalForecast,Financial 领域的指标,{"domain":"FIN","derived":"" if derived else "false"}
FIN.103,Metric,ForecastAccuracy,Financial 领域的指标,{"domain":"FIN","derived":"" if derived else "false"}
FIN.104,Metric,ForecastBias,Financial 领域的指标,{"domain":"FIN","derived":"" if derived else "false"}
LEGAL.001,Metric,LitigationCount,Legal & Compliance 领域的指标,{"domain":"LEGAL","derived":"" if derived else "false"}
LEGAL.002,Metric,LitigationAmount,Legal & Compliance 领域的指标,{"domain":"LEGAL","derived":"" if derived else "false"}
LEGAL.003,Metric,MaterialLitigationCount,Legal & Compliance 领域的指标,{"domain":"LEGAL","derived":"" if derived else "false"}
LEGAL.004,Metric,LitigationLossProbability,Legal & Compliance 领域的指标,{"domain":"LEGAL","derived":"" if derived else "false"}
LEGAL.005,Metric,PotentialLiability,Legal & Compliance 领域的指标,{"domain":"LEGAL","derived":"" if derived else "false"}
LEGAL.006,Metric,ArbitrationCount,Legal & Compliance 领域的指标,{"domain":"LEGAL","derived":"" if derived else "false"}
LEGAL.007,Metric,ArbitrationAmount,Legal & Compliance 领域的指标,{"domain":"LEGAL","derived":"" if derived else "false"}
LEGAL.008,Metric,LitigationExposureRatio,Legal & Compliance 领域的指标,{"domain":"LEGAL","derived":"" if derived else "false"}
LEGAL.009,Metric,AdministrativePenaltyCount,Legal & Compliance 领域的指标,{"domain":"LEGAL","derived":"" if derived else "false"}
LEGAL.010,Metric,AdministrativePenaltyAmount,Legal & Compliance 领域的指标,{"domain":"LEGAL","derived":"" if derived else "false"}
LEGAL.011,Metric,ComplianceViolationCount,Legal & Compliance 领域的指标,{"domain":"LEGAL","derived":"" if derived else "false"}
LEGAL.012,Metric,RegulatoryInvestigationCount,Legal & Compliance 领域的指标,{"domain":"LEGAL","derived":"" if derived else "false"}
LEGAL.013,Metric,ComplianceRemediationRate,Legal & Compliance 领域的指标,{"domain":"LEGAL","derived":"" if derived else "false"}
LEGAL.014,Metric,LicenseCount,Legal & Compliance 领域的指标,{"domain":"LEGAL","derived":"" if derived else "false"}
LEGAL.015,Metric,LicenseExpiryExposure,Legal & Compliance 领域的指标,{"domain":"LEGAL","derived":"" if derived else "false"}
LEGAL.016,Metric,MaterialContractCount,Legal & Compliance 领域的指标,{"domain":"LEGAL","derived":"" if derived else "false"}
LEGAL.017,Metric,MaterialContractValue,Legal & Compliance 领域的指标,{"domain":"LEGAL","derived":"" if derived else "false"}
LEGAL.018,Metric,ContractConcentration,Legal & Compliance 领域的指标,{"domain":"LEGAL","derived":"" if derived else "false"}
LEGAL.019,Metric,ContractTerminationExposure,Legal & Compliance 领域的指标,{"domain":"LEGAL","derived":"" if derived else "false"}
LEGAL.020,Metric,ChangeOfControlExposure,Legal & Compliance 领域的指标,{"domain":"LEGAL","derived":"" if derived else "false"}
LEGAL.021,Metric,ExclusivityExposure,Legal & Compliance 领域的指标,{"domain":"LEGAL","derived":"" if derived else "false"}
LEGAL.022,Metric,MinimumPurchaseExposure,Legal & Compliance 领域的指标,{"domain":"LEGAL","derived":"" if derived else "false"}
LEGAL.023,Metric,ContractPenaltyExposure,Legal & Compliance 领域的指标,{"domain":"LEGAL","derived":"" if derived else "false"}
LEGAL.024,Metric,GuaranteeExposure,Legal & Compliance 领域的指标,{"domain":"LEGAL","derived":"" if derived else "false"}
LEGAL.025,Metric,PledgeExposure,Legal & Compliance 领域的指标,{"domain":"LEGAL","derived":"" if derived else "false"}
LEGAL.026,Metric,MortgageExposure,Legal & Compliance 领域的指标,{"domain":"LEGAL","derived":"" if derived else "false"}
LEGAL.027,Metric,TaxExposure,Legal & Compliance 领域的指标,{"domain":"LEGAL","derived":"" if derived else "false"}
LEGAL.028,Metric,LaborDisputeCount,Legal & Compliance 领域的指标,{"domain":"LEGAL","derived":"" if derived else "false"}
LEGAL.029,Metric,IPDisputeExposure,Legal & Compliance 领域的指标,{"domain":"LEGAL","derived":"" if derived else "false"}
LEGAL.030,Metric,RelatedPartyLegalExposure,Legal & Compliance 领域的指标,{"domain":"LEGAL","derived":"" if derived else "false"}
LEGAL.031,Metric,InternalControlDeficiency,Legal & Compliance 领域的指标,{"domain":"LEGAL","derived":"" if derived else "false"}
LEGAL.032,Metric,RegulatoryDependency,Legal & Compliance 领域的指标,{"domain":"LEGAL","derived":"" if derived else "false"}
LEGAL.033,Metric,LegalDueDiligenceCompletion,Legal & Compliance 领域的指标,{"domain":"LEGAL","derived":"" if derived else "false"}
LEGAL.039,Metric,EHSSystemMaturity,Legal & Compliance 领域的指标,{"domain":"LEGAL","derived":"" if derived else "false"}
DATA.001,Metric,DataCoverage,Data Asset Quality 领域的指标,{"domain":"DATA","derived":"" if derived else "false"}
DATA.002,Metric,DataAccuracy,Data Asset Quality 领域的指标,{"domain":"DATA","derived":"" if derived else "false"}
DATA.003,Metric,DataSourceChannelStability,Data Asset Quality 领域的指标,{"domain":"DATA","derived":"" if derived else "false"}
DATA.004,Metric,DataAcquisitionChannelConcentration,Data Asset Quality 领域的指标,{"domain":"DATA","derived":"" if derived else "false"}
DATA.005,Metric,DataQualificationCertificates,Data Asset Quality 领域的指标,{"domain":"DATA","derived":"" if derived else "false"}
DATA.006,Metric,DataMethodologyScientificRigor,Data Asset Quality 领域的指标,{"domain":"DATA","derived":"" if derived else "false"}
DATA.007,Metric,DataFreshnessUpdateFrequency,Data Asset Quality 领域的指标,{"domain":"DATA","derived":"" if derived else "false"}
DATA.008,Metric,DataLicensingOwnershipCompliance,Data Asset Quality 领域的指标,{"domain":"DATA","derived":"" if derived else "false"}
LOGI.001,Metric,LogisticsProviderCount,LOGI 领域的指标,{"domain":"LOGI","derived":"" if derived else "false"}
LOGI.002,Metric,LogisticsProviderConcentration,LOGI 领域的指标,{"domain":"LOGI","derived":"" if derived else "false"}
LOGI.003,Metric,LogisticsProviderTenureStability,LOGI 领域的指标,{"domain":"LOGI","derived":"" if derived else "false"}
LOGI.004,Metric,LogisticsCostRatio,LOGI 领域的指标,{"domain":"LOGI","derived":"" if derived else "false"}
LOGI.005,Metric,LogisticsDeliveryReliability,LOGI 领域的指标,{"domain":"LOGI","derived":"" if derived else "false"}
LOGI.006,Metric,WarehouseNetworkCoverage,LOGI 领域的指标,{"domain":"LOGI","derived":"" if derived else "false"}
LOGI.007,Metric,WarehouseUtilization,LOGI 领域的指标,{"domain":"LOGI","derived":"" if derived else "false"}
LOGI.008,Metric,RegionalDistributionConcentration,LOGI 领域的指标,{"domain":"LOGI","derived":"" if derived else "false"}
ESG.001,Metric,Scope1Emission,ESG 领域的指标,{"domain":"ESG","derived":"" if derived else "false"}
ESG.002,Metric,Scope2Emission,ESG 领域的指标,{"domain":"ESG","derived":"" if derived else "false"}
ESG.003,Metric,Scope3Emission,ESG 领域的指标,{"domain":"ESG","derived":"" if derived else "false"}
ESG.004,Metric,TotalCarbonEmission,ESG 领域的指标,{"domain":"ESG","derived":"" if derived else "false"}
ESG.005,Metric,CarbonIntensity,ESG 领域的指标,{"domain":"ESG","derived":"" if derived else "false"}
ESG.006,Metric,EnergyConsumption,ESG 领域的指标,{"domain":"ESG","derived":"" if derived else "false"}
ESG.007,Metric,EnergyIntensity,ESG 领域的指标,{"domain":"ESG","derived":"" if derived else "false"}
ESG.008,Metric,RenewableEnergyRatio,ESG 领域的指标,{"domain":"ESG","derived":"" if derived else "false"}
ESG.009,Metric,WaterConsumption,ESG 领域的指标,{"domain":"ESG","derived":"" if derived else "false"}
ESG.010,Metric,WasteGeneration,ESG 领域的指标,{"domain":"ESG","derived":"" if derived else "false"}
ESG.011,Metric,EnvironmentalPenaltyCount,ESG 领域的指标,{"domain":"ESG","derived":"" if derived else "false"}
ESG.012,Metric,EnvironmentalIncidentCount,ESG 领域的指标,{"domain":"ESG","derived":"" if derived else "false"}
ESG.013,Metric,EnvironmentalComplianceRate,ESG 领域的指标,{"domain":"ESG","derived":"" if derived else "false"}
ESG.014,Metric,EmployeeSafetyIncidentRate,ESG 领域的指标,{"domain":"ESG","derived":"" if derived else "false"}
ESG.015,Metric,LostTimeInjuryRate,ESG 领域的指标,{"domain":"ESG","derived":"" if derived else "false"}
ESG.016,Metric,EmployeeTrainingHours,ESG 领域的指标,{"domain":"ESG","derived":"" if derived else "false"}
ESG.017,Metric,EmployeeTurnover,ESG 领域的指标,{"domain":"ESG","derived":"" if derived else "false"}
ESG.018,Metric,LaborComplianceRate,ESG 领域的指标,{"domain":"ESG","derived":"" if derived else "false"}
ESG.019,Metric,EmployeeGrievanceCount,ESG 领域的指标,{"domain":"ESG","derived":"" if derived else "false"}
ESG.020,Metric,BoardIndependenceRatio,ESG 领域的指标,{"domain":"ESG","derived":"" if derived else "false"}
ESG.021,Metric,RelatedPartyGovernanceRisk,ESG 领域的指标,{"domain":"ESG","derived":"" if derived else "false"}
ESG.022,Metric,AntiCorruptionControlScore,ESG 领域的指标,{"domain":"ESG","derived":"" if derived else "false"}
ESG.023,Metric,WhistleblowerMechanism,ESG 领域的指标,{"domain":"ESG","derived":"" if derived else "false"}
ESG.024,Metric,ESGDisclosureQuality,ESG 领域的指标,{"domain":"ESG","derived":"" if derived else "false"}
ESG.025,Metric,ESGRiskScore,ESG 领域的指标,{"domain":"ESG","derived":"" if derived else "false"}
ESG.026,Metric,ESGGovernanceMaturity,ESG 领域的指标,{"domain":"ESG","derived":"" if derived else "false"}
ESG.027,Metric,ESGDisclosureCompleteness,ESG 领域的指标,{"domain":"ESG","derived":"" if derived else "false"}
TXN.001,Metric,DealSize,TXN 领域的指标,{"domain":"TXN","derived":"" if derived else "false"}
TXN.002,Metric,EntryEquityValue,TXN 领域的指标,{"domain":"TXN","derived":"" if derived else "false"}
TXN.003,Metric,EntryEnterpriseValue,TXN 领域的指标,{"domain":"TXN","derived":"" if derived else "false"}
TXN.004,Metric,PrimaryInvestment,TXN 领域的指标,{"domain":"TXN","derived":"" if derived else "false"}
TXN.005,Metric,SecondaryInvestment,TXN 领域的指标,{"domain":"TXN","derived":"" if derived else "false"}
TXN.006,Metric,OwnershipAfterInvestment,TXN 领域的指标,{"domain":"TXN","derived":"" if derived else "false"}
TXN.007,Metric,DilutionRate,TXN 领域的指标,{"domain":"TXN","derived":"" if derived else "false"}
TXN.008,Metric,EV_Revenue,TXN 领域的指标,{"domain":"TXN","derived":"" if derived else "false"}
TXN.009,Metric,EV_EBITDA,TXN 领域的指标,{"domain":"TXN","derived":"" if derived else "false"}
TXN.010,Metric,P_E,TXN 领域的指标,{"domain":"TXN","derived":"" if derived else "false"}
TXN.011,Metric,EV_FCF,TXN 领域的指标,{"domain":"TXN","derived":"" if derived else "false"}
TXN.012,Metric,DCFValue,TXN 领域的指标,{"domain":"TXN","derived":"" if derived else "false"}
TXN.013,Metric,ComparableCompanyValue,TXN 领域的指标,{"domain":"TXN","derived":"" if derived else "false"}
TXN.014,Metric,PrecedentTransactionValue,TXN 领域的指标,{"domain":"TXN","derived":"" if derived else "false"}
TXN.015,Metric,ValuationPremium,TXN 领域的指标,{"domain":"TXN","derived":"" if derived else "false"}
TXN.016,Metric,ValuationDiscount,TXN 领域的指标,{"domain":"TXN","derived":"" if derived else "false"}
TXN.017,Metric,EntryValuationPercentile,TXN 领域的指标,{"domain":"TXN","derived":"" if derived else "false"}
TXN.018,Metric,EntryIRR,TXN 领域的指标,{"domain":"TXN","derived":"" if derived else "false"}
TXN.019,Metric,EntryMOIC,TXN 领域的指标,{"domain":"TXN","derived":"" if derived else "false"}
TXN.020,Metric,ExitIRR,TXN 领域的指标,{"domain":"TXN","derived":"" if derived else "false"}
TXN.021,Metric,ExitMOIC,TXN 领域的指标,{"domain":"TXN","derived":"" if derived else "false"}
TXN.022,Metric,HoldingPeriod,TXN 领域的指标,{"domain":"TXN","derived":"" if derived else "false"}
TXN.023,Metric,ExitMultiple,TXN 领域的指标,{"domain":"TXN","derived":"" if derived else "false"}
TXN.024,Metric,ReturnSensitivity,TXN 领域的指标,{"domain":"TXN","derived":"" if derived else "false"}
TXN.025,Metric,DownsideMOIC,TXN 领域的指标,{"domain":"TXN","derived":"" if derived else "false"}
TXN.026,Metric,ExitMultipleAssumption,TXN 领域的指标,{"domain":"TXN","derived":"" if derived else "false"}
RISK.001,Metric,StrategicRiskScore,RISK 领域的指标,{"domain":"RISK","derived":"" if derived else "false"}
RISK.002,Metric,MarketRiskScore,RISK 领域的指标,{"domain":"RISK","derived":"" if derived else "false"}
RISK.003,Metric,CustomerRiskScore,RISK 领域的指标,{"domain":"RISK","derived":"" if derived else "false"}
RISK.004,Metric,SupplierRiskScore,RISK 领域的指标,{"domain":"RISK","derived":"" if derived else "false"}
RISK.005,Metric,ProductRiskScore,RISK 领域的指标,{"domain":"RISK","derived":"" if derived else "false"}
RISK.006,Metric,TechnologyRiskScore,RISK 领域的指标,{"domain":"RISK","derived":"" if derived else "false"}
RISK.007,Metric,OperationalRiskScore,RISK 领域的指标,{"domain":"RISK","derived":"" if derived else "false"}
RISK.008,Metric,FinancialRiskScore,RISK 领域的指标,{"domain":"RISK","derived":"" if derived else "false"}
RISK.009,Metric,LiquidityRiskScore,RISK 领域的指标,{"domain":"RISK","derived":"" if derived else "false"}
RISK.010,Metric,LegalRiskScore,RISK 领域的指标,{"domain":"RISK","derived":"" if derived else "false"}
RISK.011,Metric,ManagementRiskScore,RISK 领域的指标,{"domain":"RISK","derived":"" if derived else "false"}
RISK.012,Metric,KeyPersonRiskScore,RISK 领域的指标,{"domain":"RISK","derived":"" if derived else "false"}
RISK.013,Metric,GovernanceRiskScore,RISK 领域的指标,{"domain":"RISK","derived":"" if derived else "false"}
RISK.014,Metric,PolicyRiskScore,RISK 领域的指标,{"domain":"RISK","derived":"" if derived else "false"}
RISK.015,Metric,TransactionRiskScore,RISK 领域的指标,{"domain":"RISK","derived":"" if derived else "false"}
RISK.016,Metric,ExitRiskScore,RISK 领域的指标,{"domain":"RISK","derived":"" if derived else "false"}
RISK.017,Metric,BaseCaseProbability,RISK 领域的指标,{"domain":"RISK","derived":"" if derived else "false"}
RISK.018,Metric,UpsideCaseProbability,RISK 领域的指标,{"domain":"RISK","derived":"" if derived else "false"}
RISK.019,Metric,DownsideCaseProbability,RISK 领域的指标,{"domain":"RISK","derived":"" if derived else "false"}
RISK.020,Metric,StressCaseProbability,RISK 领域的指标,{"domain":"RISK","derived":"" if derived else "false"}
RISK.021,Metric,DataAssetRisk,RISK 领域的指标,{"domain":"RISK","derived":"" if derived else "false"}
RISK.022,Metric,LogisticsContinuityRisk,RISK 领域的指标,{"domain":"RISK","derived":"" if derived else "false"}
DEC.001,Metric,InvestmentConfidenceScore,DEC 领域的指标,{"domain":"DEC","derived":"" if derived else "false"}
DEC.002,Metric,ValuationImpactScore,DEC 领域的指标,{"domain":"DEC","derived":"" if derived else "false"}
DEC.003,Metric,IRRImpactScore,DEC 领域的指标,{"domain":"DEC","derived":"" if derived else "false"}
DEC.004,Metric,DownsideRiskScore,DEC 领域的指标,{"domain":"DEC","derived":"" if derived else "false"}
DEC.005,Metric,InvestmentDecisionScore,DEC 领域的指标,{"domain":"DEC","derived":"" if derived else "false"}
RISK.004,Metric,HIGH,DEC 领域的指标,{"domain":"DEC","derived":"" if derived else "false"}
RISK.004,Metric,HIGH,DEC 领域的指标,{"domain":"DEC","derived":"" if derived else "false"}
RISK.009,Metric,HIGH,DEC 领域的指标,{"domain":"DEC","derived":"" if derived else "false"}
RISK.009,Metric,CRITICAL,DEC 领域的指标,{"domain":"DEC","derived":"" if derived else "false"}
RISK.009,Metric,HIGH,DEC 领域的指标,{"domain":"DEC","derived":"" if derived else "false"}
RISK.008,Metric,HIGH,DEC 领域的指标,{"domain":"DEC","derived":"" if derived else "false"}
RISK.021,Metric,HIGH,DEC 领域的指标,{"domain":"DEC","derived":"" if derived else "false"}
RISK.021,Metric,HIGH,DEC 领域的指标,{"domain":"DEC","derived":"" if derived else "false"}
RISK.021,Metric,CRITICAL,DEC 领域的指标,{"domain":"DEC","derived":"" if derived else "false"}
RISK.022,Metric,HIGH,DEC 领域的指标,{"domain":"DEC","derived":"" if derived else "false"}
RISK.022,Metric,HIGH,DEC 领域的指标,{"domain":"DEC","derived":"" if derived else "false"}
RISK.008,Metric,HIGH,DEC 领域的指标,{"domain":"DEC","derived":"" if derived else "false"}
RISK.011,Metric,HIGH,DEC 领域的指标,{"domain":"DEC","derived":"" if derived else "false"}
RISK.005,Metric,HIGH,DEC 领域的指标,{"domain":"DEC","derived":"" if derived else "false"}
RISK.005,Metric,HIGH,DEC 领域的指标,{"domain":"DEC","derived":"" if derived else "false"}
RISK.004,Metric,HIGH,DEC 领域的指标,{"domain":"DEC","derived":"" if derived else "false"}
RISK.011,Metric,HIGH,DEC 领域的指标,{"domain":"DEC","derived":"" if derived else "false"}
RISK.003,Metric,HIGH,DEC 领域的指标,{"domain":"DEC","derived":"" if derived else "false"}
RISK.009,Metric,HIGH,DEC 领域的指标,{"domain":"DEC","derived":"" if derived else "false"}
RISK.004,Metric,HIGH,DEC 领域的指标,{"domain":"DEC","derived":"" if derived else "false"}
RISK.009,Metric,HIGH,DEC 领域的指标,{"domain":"DEC","derived":"" if derived else "false"}
RISK.008,Metric,MEDIUM,DEC 领域的指标,{"domain":"DEC","derived":"" if derived else "false"}
RISK.010,Metric,MEDIUM,DEC 领域的指标,{"domain":"DEC","derived":"" if derived else "false"}
RISK.004,Metric,CRITICAL,DEC 领域的指标,{"domain":"DEC","derived":"" if derived else "false"}
RISK.009,Metric,CRITICAL,DEC 领域的指标,{"domain":"DEC","derived":"" if derived else "false"}
RISK.010,Metric,HIGH,DEC 领域的指标,{"domain":"DEC","derived":"" if derived else "false"}
RISK.008,Metric,HIGH,DEC 领域的指标,{"domain":"DEC","derived":"" if derived else "false"}
RISK.005,Metric,HIGH,DEC 领域的指标,{"domain":"DEC","derived":"" if derived else "false"}
RISK.015,Metric,CRITICAL,DEC 领域的指标,{"domain":"DEC","derived":"" if derived else "false"}
RISK.021,Metric,CRITICAL,DEC 领域的指标,{"domain":"DEC","derived":"" if derived else "false"}
RISK.022,Metric,CRITICAL,DEC 领域的指标,{"domain":"DEC","derived":"" if derived else "false"}
RISK.009,Metric,CRITICAL,DEC 领域的指标,{"domain":"DEC","derived":"" if derived else "false"}
RISK.008,Metric,HIGH,DEC 领域的指标,{"domain":"DEC","derived":"" if derived else "false"}
RISK.009,Metric,HIGH,DEC 领域的指标,{"domain":"DEC","derived":"" if derived else "false"}
RISK.010,Metric,HIGH,DEC 领域的指标,{"domain":"DEC","derived":"" if derived else "false"}
RISK.006,Metric,HIGH,DEC 领域的指标,{"domain":"DEC","derived":"" if derived else "false"}
RISK.011,Metric,CRITICAL,DEC 领域的指标,{"domain":"DEC","derived":"" if derived else "false"}
RISK.022,Metric,HIGH,DEC 领域的指标,{"domain":"DEC","derived":"" if derived else "false"}
