ddq_id,ontology_id,mapping_type,status
DDQ.001,CORP.021,required,seed_review
DDQ.001,CORP.022,required,seed_review
DDQ.001,CORP.023,required,seed_review
DDQ.001,CORP.024,required,seed_review
DDQ.001,CORP.025,required,seed_review
DDQ.001,CORP.026,required,seed_review
DDQ.001,CORP.027,required,seed_review
DDQ.001,CORP.028,required,seed_review
DDQ.001,CORP.029,required,seed_review
DDQ.001,CORP.030,required,seed_review
DDQ.002,CORP.021,required,seed_review
DDQ.002,CORP.022,required,seed_review
DDQ.002,CORP.023,required,seed_review
DDQ.002,CORP.024,required,seed_review
DDQ.002,CORP.025,required,seed_review
DDQ.002,CORP.026,required,seed_review
DDQ.002,CORP.027,required,seed_review
DDQ.002,CORP.028,required,seed_review
DDQ.002,CORP.029,required,seed_review
DDQ.002,CORP.030,required,seed_review
DDQ.003,PROD.001,required,seed_review
DDQ.003,PROD.005,required,seed_review
DDQ.003,PROD.006,required,seed_review
DDQ.003,PROD.010,required,seed_review
DDQ.003,PROD.011,required,seed_review
DDQ.003,PROD.015,required,seed_review
DDQ.003,PROD.020,required,seed_review
DDQ.005,TXN.002,required,seed_review
DDQ.005,TXN.003,required,seed_review
DDQ.005,TXN.008,required,seed_review
DDQ.005,TXN.009,required,seed_review
DDQ.005,TXN.010,required,seed_review
DDQ.005,TXN.017,required,seed_review
DDQ.005,TXN.018,required,seed_review
DDQ.005,TXN.019,required,seed_review
DDQ.005,TXN.024,required,seed_review
DDQ.005,TXN.025,required,seed_review
DDQ.005,FIN.065,required,seed_review
DDQ.005,FIN.066,required,seed_review
DDQ.005,FIN.067,required,seed_review
DDQ.005,FIN.082,required,seed_review
DDQ.005,FIN.083,required,seed_review
DDQ.005,FIN.084,required,seed_review
DDQ.005,TXN.004,required,seed_review
DDQ.005,TXN.005,required,seed_review
DDQ.006,CUST.001,required,seed_review
DDQ.006,CUST.009,required,seed_review
DDQ.006,CUST.011,required,seed_review
DDQ.006,CUST.012,required,seed_review
DDQ.006,CUST.013,required,seed_review
DDQ.006,CUST.014,required,seed_review
DDQ.006,CUST.015,required,seed_review
DDQ.006,CUST.029,required,seed_review
DDQ.006,CUST.030,required,seed_review
DDQ.006,CUST.034,required,seed_review
DDQ.006,SUPP.001,required,seed_review
DDQ.006,SUPP.003,required,seed_review
DDQ.006,SUPP.004,required,seed_review
DDQ.006,SUPP.006,required,seed_review
DDQ.006,SUPP.008,required,seed_review
DDQ.006,SUPP.010,required,seed_review
DDQ.006,SUPP.027,required,seed_review
DDQ.006,SUPP.028,required,seed_review
DDQ.006,SUPP.029,required,seed_review
DDQ.006,SUPP.030,required,seed_review
DDQ.007,LEGAL.009,required,seed_review
DDQ.007,LEGAL.010,required,seed_review
DDQ.007,LEGAL.011,required,seed_review
DDQ.007,LEGAL.012,required,seed_review
DDQ.007,LEGAL.013,required,seed_review
DDQ.009,CORP.021,required,seed_review
DDQ.009,CORP.027,required,seed_review
DDQ.009,CORP.029,required,seed_review
DDQ.009,CORP.030,required,seed_review
DDQ.009,FIN.065,required,seed_review
DDQ.009,FIN.066,required,seed_review
DDQ.009,FIN.067,required,seed_review
DDQ.009,FIN.082,required,seed_review
DDQ.009,FIN.083,required,seed_review
DDQ.009,FIN.084,required,seed_review
DDQ.009,TXN.004,required,seed_review
DDQ.009,TXN.005,required,seed_review
DDQ.011,CORP.021,required,seed_review
DDQ.011,CORP.027,required,seed_review
DDQ.011,CORP.029,required,seed_review
DDQ.011,CORP.030,required,seed_review
DDQ.012,CUST.001,required,seed_review
DDQ.012,CUST.009,required,seed_review
DDQ.012,CUST.011,required,seed_review
DDQ.012,CUST.012,required,seed_review
DDQ.012,CUST.013,required,seed_review
DDQ.012,CUST.014,required,seed_review
DDQ.012,CUST.015,required,seed_review
DDQ.012,CUST.029,required,seed_review
DDQ.012,CUST.030,required,seed_review
DDQ.012,CUST.034,required,seed_review
DDQ.012,SUPP.001,required,seed_review
DDQ.012,SUPP.003,required,seed_review
DDQ.012,SUPP.004,required,seed_review
DDQ.012,SUPP.006,required,seed_review
DDQ.012,SUPP.008,required,seed_review
DDQ.012,SUPP.010,required,seed_review
DDQ.012,SUPP.027,required,seed_review
DDQ.012,SUPP.028,required,seed_review
DDQ.012,SUPP.029,required,seed_review
DDQ.012,SUPP.030,required,seed_review
DDQ.012,CORP.021,required,seed_review
DDQ.012,CORP.027,required,seed_review
DDQ.012,CORP.029,required,seed_review
DDQ.012,CORP.030,required,seed_review
DDQ.013,CORP.021,required,seed_review
DDQ.013,CORP.027,required,seed_review
DDQ.013,CORP.029,required,seed_review
DDQ.013,CORP.030,required,seed_review
DDQ.014,FIN.065,required,seed_review
DDQ.014,FIN.066,required,seed_review
DDQ.014,FIN.067,required,seed_review
DDQ.014,FIN.072,required,seed_review
DDQ.014,FIN.073,required,seed_review
DDQ.014,FIN.074,required,seed_review
DDQ.014,FIN.082,required,seed_review
DDQ.014,FIN.083,required,seed_review
DDQ.014,FIN.084,required,seed_review
DDQ.014,CORP.021,required,seed_review
DDQ.014,CORP.027,required,seed_review
DDQ.014,CORP.029,required,seed_review
DDQ.014,CORP.030,required,seed_review
DDQ.015,CORP.036,required,seed_review
DDQ.015,CORP.037,required,seed_review
DDQ.015,CORP.038,required,seed_review
DDQ.015,CORP.039,required,seed_review
DDQ.015,CORP.040,required,seed_review
DDQ.015,CORP.021,required,seed_review
DDQ.015,CORP.022,required,seed_review
DDQ.015,CORP.023,required,seed_review
DDQ.015,CORP.024,required,seed_review
DDQ.015,CORP.025,required,seed_review
DDQ.015,CORP.026,required,seed_review
DDQ.015,CORP.027,required,seed_review
DDQ.015,CORP.028,required,seed_review
DDQ.015,CORP.029,required,seed_review
DDQ.015,CORP.030,required,seed_review
DDQ.017,CORP.021,required,seed_review
DDQ.017,CORP.027,required,seed_review
DDQ.017,CORP.029,required,seed_review
DDQ.017,CORP.030,required,seed_review
DDQ.020,FIN.021,required,seed_review
DDQ.020,FIN.023,required,seed_review
DDQ.020,FIN.030,required,seed_review
DDQ.020,FIN.033,required,seed_review
DDQ.020,FIN.034,required,seed_review
DDQ.022,TXN.002,required,seed_review
DDQ.022,TXN.003,required,seed_review
DDQ.022,TXN.008,required,seed_review
DDQ.022,TXN.009,required,seed_review
DDQ.022,TXN.010,required,seed_review
DDQ.022,TXN.017,required,seed_review
DDQ.022,TXN.018,required,seed_review
DDQ.022,TXN.019,required,seed_review
DDQ.022,TXN.024,required,seed_review
DDQ.022,TXN.025,required,seed_review
DDQ.022,MKT.004,required,seed_review
DDQ.022,MKT.005,required,seed_review
DDQ.022,MKT.011,required,seed_review
DDQ.022,MKT.017,required,seed_review
DDQ.022,MKT.018,required,seed_review
DDQ.022,MKT.028,required,seed_review
DDQ.022,MKT.042,required,seed_review
DDQ.022,FIN.065,required,seed_review
DDQ.022,FIN.066,required,seed_review
DDQ.022,FIN.067,required,seed_review
DDQ.022,FIN.082,required,seed_review
DDQ.022,FIN.083,required,seed_review
DDQ.022,FIN.084,required,seed_review
DDQ.022,TXN.004,required,seed_review
DDQ.022,TXN.005,required,seed_review
DDQ.023,CUST.001,required,seed_review
DDQ.023,CUST.009,required,seed_review
DDQ.023,CUST.011,required,seed_review
DDQ.023,CUST.012,required,seed_review
DDQ.023,CUST.013,required,seed_review
DDQ.023,CUST.014,required,seed_review
DDQ.023,CUST.015,required,seed_review
DDQ.023,CUST.029,required,seed_review
DDQ.023,CUST.030,required,seed_review
DDQ.023,CUST.034,required,seed_review
DDQ.023,SUPP.001,required,seed_review
DDQ.023,SUPP.003,required,seed_review
DDQ.023,SUPP.004,required,seed_review
DDQ.023,SUPP.006,required,seed_review
DDQ.023,SUPP.008,required,seed_review
DDQ.023,SUPP.010,required,seed_review
DDQ.023,SUPP.027,required,seed_review
DDQ.023,SUPP.028,required,seed_review
DDQ.023,SUPP.029,required,seed_review
DDQ.023,SUPP.030,required,seed_review
DDQ.023,CORP.036,required,seed_review
DDQ.023,CORP.037,required,seed_review
DDQ.023,CORP.038,required,seed_review
DDQ.023,CORP.039,required,seed_review
DDQ.023,CORP.040,required,seed_review
DDQ.023,CORP.021,required,seed_review
DDQ.023,CORP.022,required,seed_review
DDQ.023,CORP.023,required,seed_review
DDQ.023,CORP.024,required,seed_review
DDQ.023,CORP.025,required,seed_review
DDQ.023,CORP.026,required,seed_review
DDQ.023,CORP.027,required,seed_review
DDQ.023,CORP.028,required,seed_review
DDQ.023,CORP.029,required,seed_review
DDQ.023,CORP.030,required,seed_review
DDQ.024,CORP.036,required,seed_review
DDQ.024,CORP.037,required,seed_review
DDQ.024,CORP.038,required,seed_review
DDQ.024,CORP.039,required,seed_review
DDQ.024,CORP.040,required,seed_review
DDQ.025,CORP.036,required,seed_review
DDQ.025,CORP.037,required,seed_review
DDQ.025,CORP.038,required,seed_review
DDQ.025,CORP.039,required,seed_review
DDQ.025,CORP.040,required,seed_review
DDQ.026,CORP.036,required,seed_review
DDQ.026,CORP.037,required,seed_review
DDQ.026,CORP.038,required,seed_review
DDQ.026,CORP.039,required,seed_review
DDQ.026,CORP.040,required,seed_review
DDQ.027,CORP.036,required,seed_review
DDQ.027,CORP.037,required,seed_review
DDQ.027,CORP.038,required,seed_review
DDQ.027,CORP.039,required,seed_review
DDQ.027,CORP.040,required,seed_review
DDQ.028,CUST.001,required,seed_review
DDQ.028,CUST.009,required,seed_review
DDQ.028,CUST.011,required,seed_review
DDQ.028,CUST.012,required,seed_review
DDQ.028,CUST.013,required,seed_review
DDQ.028,CUST.014,required,seed_review
DDQ.028,CUST.015,required,seed_review
DDQ.028,CUST.029,required,seed_review
DDQ.028,CUST.030,required,seed_review
DDQ.028,CUST.034,required,seed_review
DDQ.028,SUPP.001,required,seed_review
DDQ.028,SUPP.003,required,seed_review
DDQ.028,SUPP.004,required,seed_review
DDQ.028,SUPP.006,required,seed_review
DDQ.028,SUPP.008,required,seed_review
DDQ.028,SUPP.010,required,seed_review
DDQ.028,SUPP.027,required,seed_review
DDQ.028,SUPP.028,required,seed_review
DDQ.028,SUPP.029,required,seed_review
DDQ.028,SUPP.030,required,seed_review
DDQ.028,CORP.036,required,seed_review
DDQ.028,CORP.037,required,seed_review
DDQ.028,CORP.038,required,seed_review
DDQ.028,CORP.039,required,seed_review
DDQ.028,CORP.040,required,seed_review
DDQ.029,CORP.036,required,seed_review
DDQ.029,CORP.037,required,seed_review
DDQ.029,CORP.038,required,seed_review
DDQ.029,CORP.039,required,seed_review
DDQ.029,CORP.040,required,seed_review
DDQ.030,CORP.036,required,seed_review
DDQ.030,CORP.037,required,seed_review
DDQ.030,CORP.038,required,seed_review
DDQ.030,CORP.039,required,seed_review
DDQ.030,CORP.040,required,seed_review
DDQ.030,CORP.021,required,seed_review
DDQ.030,CORP.022,required,seed_review
DDQ.030,CORP.023,required,seed_review
DDQ.030,CORP.024,required,seed_review
DDQ.030,CORP.025,required,seed_review
DDQ.030,CORP.026,required,seed_review
DDQ.030,CORP.027,required,seed_review
DDQ.030,CORP.028,required,seed_review
DDQ.030,CORP.029,required,seed_review
DDQ.030,CORP.030,required,seed_review
DDQ.031,CUST.001,required,seed_review
DDQ.031,CUST.009,required,seed_review
DDQ.031,CUST.011,required,seed_review
DDQ.031,CUST.012,required,seed_review
DDQ.031,CUST.013,required,seed_review
DDQ.031,CUST.014,required,seed_review
DDQ.031,CUST.015,required,seed_review
DDQ.031,CUST.029,required,seed_review
DDQ.031,CUST.030,required,seed_review
DDQ.031,CUST.034,required,seed_review
DDQ.031,SUPP.001,required,seed_review
DDQ.031,SUPP.003,required,seed_review
DDQ.031,SUPP.004,required,seed_review
DDQ.031,SUPP.006,required,seed_review
DDQ.031,SUPP.008,required,seed_review
DDQ.031,SUPP.010,required,seed_review
DDQ.031,SUPP.027,required,seed_review
DDQ.031,SUPP.028,required,seed_review
DDQ.031,SUPP.029,required,seed_review
DDQ.031,SUPP.030,required,seed_review
DDQ.031,CORP.036,required,seed_review
DDQ.031,CORP.037,required,seed_review
DDQ.031,CORP.038,required,seed_review
DDQ.031,CORP.039,required,seed_review
DDQ.031,CORP.040,required,seed_review
DDQ.031,CORP.021,required,seed_review
DDQ.031,CORP.022,required,seed_review
DDQ.031,CORP.023,required,seed_review
DDQ.031,CORP.024,required,seed_review
DDQ.031,CORP.025,required,seed_review
DDQ.031,CORP.026,required,seed_review
DDQ.031,CORP.027,required,seed_review
DDQ.031,CORP.028,required,seed_review
DDQ.031,CORP.029,required,seed_review
DDQ.031,CORP.030,required,seed_review
DDQ.032,CUST.001,required,seed_review
DDQ.032,CUST.009,required,seed_review
DDQ.032,CUST.011,required,seed_review
DDQ.032,CUST.012,required,seed_review
DDQ.032,CUST.013,required,seed_review
DDQ.032,CUST.014,required,seed_review
DDQ.032,CUST.015,required,seed_review
DDQ.032,CUST.029,required,seed_review
DDQ.032,CUST.030,required,seed_review
DDQ.032,CUST.034,required,seed_review
DDQ.032,SUPP.001,required,seed_review
DDQ.032,SUPP.003,required,seed_review
DDQ.032,SUPP.004,required,seed_review
DDQ.032,SUPP.006,required,seed_review
DDQ.032,SUPP.008,required,seed_review
DDQ.032,SUPP.010,required,seed_review
DDQ.032,SUPP.027,required,seed_review
DDQ.032,SUPP.028,required,seed_review
DDQ.032,SUPP.029,required,seed_review
DDQ.032,SUPP.030,required,seed_review
DDQ.033,FIN.048,required,seed_review
DDQ.033,FIN.051,required,seed_review
DDQ.033,FIN.056,required,seed_review
DDQ.033,MGMT.011,required,seed_review
DDQ.033,MGMT.012,required,seed_review
DDQ.033,MGMT.013,required,seed_review
DDQ.033,MGMT.019,required,seed_review
DDQ.033,MGMT.020,required,seed_review
DDQ.033,MGMT.033,required,seed_review
DDQ.033,MGMT.035,required,seed_review
DDQ.033,MGMT.037,required,seed_review
DDQ.035,CUST.001,required,seed_review
DDQ.035,CUST.009,required,seed_review
DDQ.035,CUST.011,required,seed_review
DDQ.035,CUST.012,required,seed_review
DDQ.035,CUST.013,required,seed_review
DDQ.035,CUST.014,required,seed_review
DDQ.035,CUST.015,required,seed_review
DDQ.035,CUST.029,required,seed_review
DDQ.035,CUST.030,required,seed_review
DDQ.035,CUST.034,required,seed_review
DDQ.035,FIN.048,required,seed_review
DDQ.035,FIN.051,required,seed_review
DDQ.035,FIN.056,required,seed_review
DDQ.035,SUPP.001,required,seed_review
DDQ.035,SUPP.003,required,seed_review
DDQ.035,SUPP.004,required,seed_review
DDQ.035,SUPP.006,required,seed_review
DDQ.035,SUPP.008,required,seed_review
DDQ.035,SUPP.010,required,seed_review
DDQ.035,SUPP.027,required,seed_review
DDQ.035,SUPP.028,required,seed_review
DDQ.035,SUPP.029,required,seed_review
DDQ.035,SUPP.030,required,seed_review
DDQ.036,PROD.021,required,seed_review
DDQ.036,PROD.023,required,seed_review
DDQ.036,PROD.024,required,seed_review
DDQ.036,PROD.025,required,seed_review
DDQ.036,PROD.026,required,seed_review
DDQ.036,PROD.030,required,seed_review
DDQ.036,PROD.031,required,seed_review
DDQ.036,PROD.042,required,seed_review
DDQ.036,PROD.043,required,seed_review
DDQ.037,LEGAL.009,required,seed_review
DDQ.037,LEGAL.010,required,seed_review
DDQ.037,LEGAL.011,required,seed_review
DDQ.037,LEGAL.012,required,seed_review
DDQ.037,LEGAL.013,required,seed_review
DDQ.037,LEGAL.039,required,seed_review
DDQ.037,ESG.011,required,seed_review
DDQ.037,ESG.012,required,seed_review
DDQ.037,ESG.013,required,seed_review
DDQ.037,ESG.025,required,seed_review
DDQ.040,ESG.014,required,seed_review
DDQ.040,ESG.015,required,seed_review
DDQ.040,ESG.018,required,seed_review
DDQ.041,PROD.021,required,seed_review
DDQ.041,PROD.023,required,seed_review
DDQ.041,PROD.024,required,seed_review
DDQ.041,PROD.025,required,seed_review
DDQ.041,PROD.026,required,seed_review
DDQ.041,PROD.030,required,seed_review
DDQ.041,PROD.031,required,seed_review
DDQ.041,PROD.042,required,seed_review
DDQ.041,PROD.043,required,seed_review
DDQ.042,PROD.021,required,seed_review
DDQ.042,PROD.023,required,seed_review
DDQ.042,PROD.024,required,seed_review
DDQ.042,PROD.025,required,seed_review
DDQ.042,PROD.026,required,seed_review
DDQ.042,PROD.030,required,seed_review
DDQ.042,PROD.031,required,seed_review
DDQ.042,PROD.042,required,seed_review
DDQ.042,PROD.043,required,seed_review
DDQ.043,PROD.021,required,seed_review
DDQ.043,PROD.023,required,seed_review
DDQ.043,PROD.024,required,seed_review
DDQ.043,PROD.025,required,seed_review
DDQ.043,PROD.026,required,seed_review
DDQ.043,PROD.030,required,seed_review
DDQ.043,PROD.031,required,seed_review
DDQ.043,PROD.042,required,seed_review
DDQ.043,PROD.043,required,seed_review
DDQ.043,LEGAL.039,required,seed_review
DDQ.043,ESG.011,required,seed_review
DDQ.043,ESG.012,required,seed_review
DDQ.043,ESG.013,required,seed_review
DDQ.043,ESG.025,required,seed_review
DDQ.043,ESG.014,required,seed_review
DDQ.043,ESG.015,required,seed_review
DDQ.043,ESG.018,required,seed_review
DDQ.044,CORP.021,required,seed_review
DDQ.044,CORP.022,required,seed_review
DDQ.044,CORP.023,required,seed_review
DDQ.044,CORP.024,required,seed_review
DDQ.044,CORP.025,required,seed_review
DDQ.044,CORP.026,required,seed_review
DDQ.044,CORP.027,required,seed_review
DDQ.044,CORP.028,required,seed_review
DDQ.044,CORP.029,required,seed_review
DDQ.044,CORP.030,required,seed_review
DDQ.045,PROD.021,required,seed_review
DDQ.045,PROD.023,required,seed_review
DDQ.045,PROD.024,required,seed_review
DDQ.045,PROD.025,required,seed_review
DDQ.045,PROD.026,required,seed_review
DDQ.045,PROD.030,required,seed_review
DDQ.045,PROD.031,required,seed_review
DDQ.045,PROD.042,required,seed_review
DDQ.045,PROD.043,required,seed_review
DDQ.046,ESG.014,required,seed_review
DDQ.046,ESG.015,required,seed_review
DDQ.046,ESG.018,required,seed_review
DDQ.047,PROD.021,required,seed_review
DDQ.047,PROD.023,required,seed_review
DDQ.047,PROD.024,required,seed_review
DDQ.047,PROD.025,required,seed_review
DDQ.047,PROD.026,required,seed_review
DDQ.047,PROD.030,required,seed_review
DDQ.047,PROD.031,required,seed_review
DDQ.047,PROD.042,required,seed_review
DDQ.047,PROD.043,required,seed_review
DDQ.049,ESG.014,required,seed_review
DDQ.049,ESG.015,required,seed_review
DDQ.049,ESG.018,required,seed_review
DDQ.049,MGMT.011,required,seed_review
DDQ.049,MGMT.012,required,seed_review
DDQ.049,MGMT.013,required,seed_review
DDQ.049,MGMT.019,required,seed_review
DDQ.049,MGMT.020,required,seed_review
DDQ.049,MGMT.033,required,seed_review
DDQ.049,MGMT.035,required,seed_review
DDQ.049,MGMT.037,required,seed_review
DDQ.050,PROD.021,required,seed_review
DDQ.050,PROD.023,required,seed_review
DDQ.050,PROD.024,required,seed_review
DDQ.050,PROD.025,required,seed_review
DDQ.050,PROD.026,required,seed_review
DDQ.050,PROD.030,required,seed_review
DDQ.050,PROD.031,required,seed_review
DDQ.050,PROD.042,required,seed_review
DDQ.050,PROD.043,required,seed_review
DDQ.050,ESG.014,required,seed_review
DDQ.050,ESG.015,required,seed_review
DDQ.050,ESG.018,required,seed_review
DDQ.050,MGMT.011,required,seed_review
DDQ.050,MGMT.012,required,seed_review
DDQ.050,MGMT.013,required,seed_review
DDQ.050,MGMT.019,required,seed_review
DDQ.050,MGMT.020,required,seed_review
DDQ.050,MGMT.033,required,seed_review
DDQ.050,MGMT.035,required,seed_review
DDQ.050,MGMT.037,required,seed_review
DDQ.051,TECH.011,required,seed_review
DDQ.051,TECH.014,required,seed_review
DDQ.051,TECH.018,required,seed_review
DDQ.051,TECH.023,required,seed_review
DDQ.051,TECH.024,required,seed_review
DDQ.051,TECH.025,required,seed_review
DDQ.051,TECH.026,required,seed_review
DDQ.051,TECH.027,required,seed_review
DDQ.053,TECH.001,required,seed_review
DDQ.053,TECH.002,required,seed_review
DDQ.053,TECH.003,required,seed_review
DDQ.053,TECH.006,required,seed_review
DDQ.053,TECH.007,required,seed_review
DDQ.053,TECH.018,required,seed_review
DDQ.053,TECH.021,required,seed_review
DDQ.053,TECH.023,required,seed_review
DDQ.053,TECH.027,required,seed_review
DDQ.053,TECH.031,required,seed_review
DDQ.053,TECH.032,required,seed_review
DDQ.054,TECH.001,required,seed_review
DDQ.054,TECH.002,required,seed_review
DDQ.054,TECH.003,required,seed_review
DDQ.054,TECH.006,required,seed_review
DDQ.054,TECH.007,required,seed_review
DDQ.054,TECH.018,required,seed_review
DDQ.054,TECH.021,required,seed_review
DDQ.054,TECH.023,required,seed_review
DDQ.054,TECH.027,required,seed_review
DDQ.054,TECH.031,required,seed_review
DDQ.054,TECH.032,required,seed_review
DDQ.056,MGMT.011,required,seed_review
DDQ.056,MGMT.012,required,seed_review
DDQ.056,MGMT.013,required,seed_review
DDQ.056,MGMT.019,required,seed_review
DDQ.056,MGMT.020,required,seed_review
DDQ.056,MGMT.033,required,seed_review
DDQ.056,MGMT.035,required,seed_review
DDQ.056,MGMT.037,required,seed_review
DDQ.057,SUPP.001,required,seed_review
DDQ.057,SUPP.003,required,seed_review
DDQ.057,SUPP.004,required,seed_review
DDQ.057,SUPP.006,required,seed_review
DDQ.057,SUPP.008,required,seed_review
DDQ.057,SUPP.010,required,seed_review
DDQ.057,SUPP.027,required,seed_review
DDQ.057,SUPP.028,required,seed_review
DDQ.057,SUPP.029,required,seed_review
DDQ.057,SUPP.030,required,seed_review
DDQ.057,LEGAL.016,required,seed_review
DDQ.057,LEGAL.017,required,seed_review
DDQ.057,LEGAL.018,required,seed_review
DDQ.057,LEGAL.019,required,seed_review
DDQ.057,LEGAL.020,required,seed_review
DDQ.057,LEGAL.021,required,seed_review
DDQ.057,LEGAL.022,required,seed_review
DDQ.057,LEGAL.023,required,seed_review
DDQ.058,SUPP.001,required,seed_review
DDQ.058,SUPP.003,required,seed_review
DDQ.058,SUPP.004,required,seed_review
DDQ.058,SUPP.006,required,seed_review
DDQ.058,SUPP.008,required,seed_review
DDQ.058,SUPP.010,required,seed_review
DDQ.058,SUPP.027,required,seed_review
DDQ.058,SUPP.028,required,seed_review
DDQ.058,SUPP.029,required,seed_review
DDQ.058,SUPP.030,required,seed_review
DDQ.058,LEGAL.016,required,seed_review
DDQ.058,LEGAL.017,required,seed_review
DDQ.058,LEGAL.018,required,seed_review
DDQ.058,LEGAL.019,required,seed_review
DDQ.058,LEGAL.020,required,seed_review
DDQ.058,LEGAL.021,required,seed_review
DDQ.058,LEGAL.022,required,seed_review
DDQ.058,LEGAL.023,required,seed_review
DDQ.059,SUPP.001,required,seed_review
DDQ.059,SUPP.003,required,seed_review
DDQ.059,SUPP.004,required,seed_review
DDQ.059,SUPP.006,required,seed_review
DDQ.059,SUPP.008,required,seed_review
DDQ.059,SUPP.010,required,seed_review
DDQ.059,SUPP.027,required,seed_review
DDQ.059,SUPP.028,required,seed_review
DDQ.059,SUPP.029,required,seed_review
DDQ.059,SUPP.030,required,seed_review
DDQ.060,LEGAL.016,required,seed_review
DDQ.060,LEGAL.017,required,seed_review
DDQ.060,LEGAL.018,required,seed_review
DDQ.060,LEGAL.019,required,seed_review
DDQ.060,LEGAL.020,required,seed_review
DDQ.060,LEGAL.021,required,seed_review
DDQ.060,LEGAL.022,required,seed_review
DDQ.060,LEGAL.023,required,seed_review
DDQ.060,FIN.065,required,seed_review
DDQ.060,FIN.066,required,seed_review
DDQ.060,FIN.067,required,seed_review
DDQ.060,FIN.082,required,seed_review
DDQ.060,FIN.083,required,seed_review
DDQ.060,FIN.084,required,seed_review
DDQ.060,TXN.004,required,seed_review
DDQ.060,TXN.005,required,seed_review
DDQ.061,LEGAL.016,required,seed_review
DDQ.061,LEGAL.017,required,seed_review
DDQ.061,LEGAL.018,required,seed_review
DDQ.061,LEGAL.019,required,seed_review
DDQ.061,LEGAL.020,required,seed_review
DDQ.061,LEGAL.021,required,seed_review
DDQ.061,LEGAL.022,required,seed_review
DDQ.061,LEGAL.023,required,seed_review
DDQ.062,MGMT.011,required,seed_review
DDQ.062,MGMT.012,required,seed_review
DDQ.062,MGMT.013,required,seed_review
DDQ.062,MGMT.019,required,seed_review
DDQ.062,MGMT.020,required,seed_review
DDQ.062,MGMT.033,required,seed_review
DDQ.062,MGMT.035,required,seed_review
DDQ.062,MGMT.037,required,seed_review
DDQ.066,LEGAL.016,required,seed_review
DDQ.066,LEGAL.017,required,seed_review
DDQ.066,LEGAL.018,required,seed_review
DDQ.066,LEGAL.019,required,seed_review
DDQ.066,LEGAL.020,required,seed_review
DDQ.066,LEGAL.021,required,seed_review
DDQ.066,LEGAL.022,required,seed_review
DDQ.066,LEGAL.023,required,seed_review
DDQ.066,LEGAL.009,required,seed_review
DDQ.066,LEGAL.010,required,seed_review
DDQ.066,LEGAL.011,required,seed_review
DDQ.066,LEGAL.012,required,seed_review
DDQ.066,LEGAL.013,required,seed_review
DDQ.069,CORP.021,required,seed_review
DDQ.069,CORP.022,required,seed_review
DDQ.069,CORP.023,required,seed_review
DDQ.069,CORP.024,required,seed_review
DDQ.069,CORP.025,required,seed_review
DDQ.069,CORP.026,required,seed_review
DDQ.069,CORP.027,required,seed_review
DDQ.069,CORP.028,required,seed_review
DDQ.069,CORP.029,required,seed_review
DDQ.069,CORP.030,required,seed_review
DDQ.069,LEGAL.001,required,seed_review
DDQ.069,LEGAL.002,required,seed_review
DDQ.069,LEGAL.003,required,seed_review
DDQ.069,LEGAL.004,required,seed_review
DDQ.069,LEGAL.005,required,seed_review
DDQ.069,LEGAL.006,required,seed_review
DDQ.069,LEGAL.007,required,seed_review
DDQ.069,LEGAL.008,required,seed_review
DDQ.069,LEGAL.009,required,seed_review
DDQ.069,LEGAL.010,required,seed_review
DDQ.069,LEGAL.011,required,seed_review
DDQ.069,LEGAL.012,required,seed_review
DDQ.069,LEGAL.013,required,seed_review
DDQ.072,LEGAL.016,required,seed_review
DDQ.072,LEGAL.017,required,seed_review
DDQ.072,LEGAL.018,required,seed_review
DDQ.072,LEGAL.019,required,seed_review
DDQ.072,LEGAL.020,required,seed_review
DDQ.072,LEGAL.021,required,seed_review
DDQ.072,LEGAL.022,required,seed_review
DDQ.072,LEGAL.023,required,seed_review
DDQ.072,LEGAL.028,required,seed_review
DDQ.072,MGMT.021,required,seed_review
DDQ.072,MGMT.023,required,seed_review
DDQ.072,MGMT.024,required,seed_review
DDQ.073,LEGAL.028,required,seed_review
DDQ.073,MGMT.021,required,seed_review
DDQ.073,MGMT.023,required,seed_review
DDQ.073,MGMT.024,required,seed_review
DDQ.075,CUST.001,required,seed_review
DDQ.075,CUST.009,required,seed_review
DDQ.075,CUST.011,required,seed_review
DDQ.075,CUST.012,required,seed_review
DDQ.075,CUST.013,required,seed_review
DDQ.075,CUST.014,required,seed_review
DDQ.075,CUST.015,required,seed_review
DDQ.075,CUST.029,required,seed_review
DDQ.075,CUST.030,required,seed_review
DDQ.075,CUST.034,required,seed_review
DDQ.075,CORP.036,required,seed_review
DDQ.075,CORP.037,required,seed_review
DDQ.075,CORP.038,required,seed_review
DDQ.075,CORP.039,required,seed_review
DDQ.075,CORP.040,required,seed_review
DDQ.075,CORP.021,required,seed_review
DDQ.075,CORP.027,required,seed_review
DDQ.075,CORP.029,required,seed_review
DDQ.075,CORP.030,required,seed_review
DDQ.078,CORP.021,required,seed_review
DDQ.078,CORP.022,required,seed_review
DDQ.078,CORP.023,required,seed_review
DDQ.078,CORP.024,required,seed_review
DDQ.078,CORP.025,required,seed_review
DDQ.078,CORP.026,required,seed_review
DDQ.078,CORP.027,required,seed_review
DDQ.078,CORP.028,required,seed_review
DDQ.078,CORP.029,required,seed_review
DDQ.078,CORP.030,required,seed_review
DDQ.080,MGMT.011,required,seed_review
DDQ.080,MGMT.012,required,seed_review
DDQ.080,MGMT.013,required,seed_review
DDQ.080,MGMT.019,required,seed_review
DDQ.080,MGMT.020,required,seed_review
DDQ.080,MGMT.033,required,seed_review
DDQ.080,MGMT.035,required,seed_review
DDQ.080,MGMT.037,required,seed_review
DDQ.082,CORP.021,required,seed_review
DDQ.082,CORP.027,required,seed_review
DDQ.082,CORP.029,required,seed_review
DDQ.082,CORP.030,required,seed_review
DDQ.083,LEGAL.039,required,seed_review
DDQ.083,ESG.011,required,seed_review
DDQ.083,ESG.012,required,seed_review
DDQ.083,ESG.013,required,seed_review
DDQ.083,ESG.025,required,seed_review
DDQ.084,CORP.021,required,seed_review
DDQ.084,CORP.022,required,seed_review
DDQ.084,CORP.023,required,seed_review
DDQ.084,CORP.024,required,seed_review
DDQ.084,CORP.025,required,seed_review
DDQ.084,CORP.026,required,seed_review
DDQ.084,CORP.027,required,seed_review
DDQ.084,CORP.028,required,seed_review
DDQ.084,CORP.029,required,seed_review
DDQ.084,CORP.030,required,seed_review
DDQ.085,CUST.001,required,seed_review
DDQ.085,CUST.009,required,seed_review
DDQ.085,CUST.011,required,seed_review
DDQ.085,CUST.012,required,seed_review
DDQ.085,CUST.013,required,seed_review
DDQ.085,CUST.014,required,seed_review
DDQ.085,CUST.015,required,seed_review
DDQ.085,CUST.029,required,seed_review
DDQ.085,CUST.030,required,seed_review
DDQ.085,CUST.034,required,seed_review
DDQ.085,FIN.001,required,seed_review
DDQ.085,FIN.002,required,seed_review
DDQ.085,FIN.006,required,seed_review
DDQ.085,FIN.007,required,seed_review
DDQ.085,FIN.008,required,seed_review
DDQ.085,FIN.009,required,seed_review
DDQ.085,FIN.010,required,seed_review
DDQ.086,CUST.001,required,seed_review
DDQ.086,CUST.009,required,seed_review
DDQ.086,CUST.011,required,seed_review
DDQ.086,CUST.012,required,seed_review
DDQ.086,CUST.013,required,seed_review
DDQ.086,CUST.014,required,seed_review
DDQ.086,CUST.015,required,seed_review
DDQ.086,CUST.029,required,seed_review
DDQ.086,CUST.030,required,seed_review
DDQ.086,CUST.034,required,seed_review
DDQ.086,FIN.001,required,seed_review
DDQ.086,FIN.002,required,seed_review
DDQ.086,FIN.006,required,seed_review
DDQ.086,FIN.007,required,seed_review
DDQ.086,FIN.008,required,seed_review
DDQ.086,FIN.009,required,seed_review
DDQ.086,FIN.010,required,seed_review
DDQ.086,FIN.011,required,seed_review
DDQ.086,FIN.012,required,seed_review
DDQ.086,FIN.018,required,seed_review
DDQ.086,FIN.019,required,seed_review
DDQ.086,FIN.020,required,seed_review
DDQ.086,PROD.001,required,seed_review
DDQ.086,PROD.005,required,seed_review
DDQ.086,PROD.006,required,seed_review
DDQ.086,PROD.010,required,seed_review
DDQ.086,PROD.011,required,seed_review
DDQ.086,PROD.015,required,seed_review
DDQ.086,PROD.020,required,seed_review
DDQ.087,FIN.001,required,seed_review
DDQ.087,FIN.002,required,seed_review
DDQ.087,FIN.006,required,seed_review
DDQ.087,FIN.007,required,seed_review
DDQ.087,FIN.008,required,seed_review
DDQ.087,FIN.009,required,seed_review
DDQ.087,FIN.010,required,seed_review
DDQ.088,CUST.001,required,seed_review
DDQ.088,CUST.009,required,seed_review
DDQ.088,CUST.011,required,seed_review
DDQ.088,CUST.012,required,seed_review
DDQ.088,CUST.013,required,seed_review
DDQ.088,CUST.014,required,seed_review
DDQ.088,CUST.015,required,seed_review
DDQ.088,CUST.029,required,seed_review
DDQ.088,CUST.030,required,seed_review
DDQ.088,CUST.034,required,seed_review
DDQ.088,FIN.001,required,seed_review
DDQ.088,FIN.002,required,seed_review
DDQ.088,FIN.006,required,seed_review
DDQ.088,FIN.007,required,seed_review
DDQ.088,FIN.008,required,seed_review
DDQ.088,FIN.009,required,seed_review
DDQ.088,FIN.010,required,seed_review
DDQ.088,CORP.036,required,seed_review
DDQ.088,CORP.037,required,seed_review
DDQ.088,CORP.038,required,seed_review
DDQ.088,CORP.039,required,seed_review
DDQ.088,CORP.040,required,seed_review
DDQ.088,CORP.021,required,seed_review
DDQ.088,CORP.022,required,seed_review
DDQ.088,CORP.023,required,seed_review
DDQ.088,CORP.024,required,seed_review
DDQ.088,CORP.025,required,seed_review
DDQ.088,CORP.026,required,seed_review
DDQ.088,CORP.027,required,seed_review
DDQ.088,CORP.028,required,seed_review
DDQ.088,CORP.029,required,seed_review
DDQ.088,CORP.030,required,seed_review
DDQ.089,CUST.001,required,seed_review
DDQ.089,CUST.009,required,seed_review
DDQ.089,CUST.011,required,seed_review
DDQ.089,CUST.012,required,seed_review
DDQ.089,CUST.013,required,seed_review
DDQ.089,CUST.014,required,seed_review
DDQ.089,CUST.015,required,seed_review
DDQ.089,CUST.029,required,seed_review
DDQ.089,CUST.030,required,seed_review
DDQ.089,CUST.034,required,seed_review
DDQ.089,FIN.001,required,seed_review
DDQ.089,FIN.002,required,seed_review
DDQ.089,FIN.006,required,seed_review
DDQ.089,FIN.007,required,seed_review
DDQ.089,FIN.008,required,seed_review
DDQ.089,FIN.009,required,seed_review
DDQ.089,FIN.010,required,seed_review
DDQ.090,CUST.001,required,seed_review
DDQ.090,CUST.009,required,seed_review
DDQ.090,CUST.011,required,seed_review
DDQ.090,CUST.012,required,seed_review
DDQ.090,CUST.013,required,seed_review
DDQ.090,CUST.014,required,seed_review
DDQ.090,CUST.015,required,seed_review
DDQ.090,CUST.029,required,seed_review
DDQ.090,CUST.030,required,seed_review
DDQ.090,CUST.034,required,seed_review
DDQ.091,CUST.001,required,seed_review
DDQ.091,CUST.009,required,seed_review
DDQ.091,CUST.011,required,seed_review
DDQ.091,CUST.012,required,seed_review
DDQ.091,CUST.013,required,seed_review
DDQ.091,CUST.014,required,seed_review
DDQ.091,CUST.015,required,seed_review
DDQ.091,CUST.029,required,seed_review
DDQ.091,CUST.030,required,seed_review
DDQ.091,CUST.034,required,seed_review
DDQ.091,FIN.001,required,seed_review
DDQ.091,FIN.002,required,seed_review
DDQ.091,FIN.006,required,seed_review
DDQ.091,FIN.007,required,seed_review
DDQ.091,FIN.008,required,seed_review
DDQ.091,FIN.009,required,seed_review
DDQ.091,FIN.010,required,seed_review
DDQ.092,FIN.095,required,seed_review
DDQ.092,FIN.096,required,seed_review
DDQ.092,FIN.097,required,seed_review
DDQ.092,FIN.098,required,seed_review
DDQ.092,FIN.099,required,seed_review
DDQ.092,FIN.100,required,seed_review
DDQ.092,FIN.101,required,seed_review
DDQ.092,FIN.102,required,seed_review
DDQ.092,FIN.103,required,seed_review
DDQ.092,FIN.104,required,seed_review
DDQ.093,CUST.001,required,seed_review
DDQ.093,CUST.009,required,seed_review
DDQ.093,CUST.011,required,seed_review
DDQ.093,CUST.012,required,seed_review
DDQ.093,CUST.013,required,seed_review
DDQ.093,CUST.014,required,seed_review
DDQ.093,CUST.015,required,seed_review
DDQ.093,CUST.029,required,seed_review
DDQ.093,CUST.030,required,seed_review
DDQ.093,CUST.034,required,seed_review
DDQ.093,FIN.001,required,seed_review
DDQ.093,FIN.002,required,seed_review
DDQ.093,FIN.006,required,seed_review
DDQ.093,FIN.007,required,seed_review
DDQ.093,FIN.008,required,seed_review
DDQ.093,FIN.009,required,seed_review
DDQ.093,FIN.010,required,seed_review
DDQ.093,MGMT.011,required,seed_review
DDQ.093,MGMT.012,required,seed_review
DDQ.093,MGMT.013,required,seed_review
DDQ.093,MGMT.019,required,seed_review
DDQ.093,MGMT.020,required,seed_review
DDQ.093,MGMT.033,required,seed_review
DDQ.093,MGMT.035,required,seed_review
DDQ.093,MGMT.037,required,seed_review
DDQ.094,FIN.001,required,seed_review
DDQ.094,FIN.002,required,seed_review
DDQ.094,FIN.006,required,seed_review
DDQ.094,FIN.007,required,seed_review
DDQ.094,FIN.008,required,seed_review
DDQ.094,FIN.009,required,seed_review
DDQ.094,FIN.010,required,seed_review
DDQ.094,CORP.036,required,seed_review
DDQ.094,CORP.037,required,seed_review
DDQ.094,CORP.038,required,seed_review
DDQ.094,CORP.039,required,seed_review
DDQ.094,CORP.040,required,seed_review
DDQ.095,CUST.001,required,seed_review
DDQ.095,CUST.009,required,seed_review
DDQ.095,CUST.011,required,seed_review
DDQ.095,CUST.012,required,seed_review
DDQ.095,CUST.013,required,seed_review
DDQ.095,CUST.014,required,seed_review
DDQ.095,CUST.015,required,seed_review
DDQ.095,CUST.029,required,seed_review
DDQ.095,CUST.030,required,seed_review
DDQ.095,CUST.034,required,seed_review
DDQ.096,FIN.001,required,seed_review
DDQ.096,FIN.002,required,seed_review
DDQ.096,FIN.006,required,seed_review
DDQ.096,FIN.007,required,seed_review
DDQ.096,FIN.008,required,seed_review
DDQ.096,FIN.009,required,seed_review
DDQ.096,FIN.010,required,seed_review
DDQ.096,LEGAL.016,required,seed_review
DDQ.096,LEGAL.017,required,seed_review
DDQ.096,LEGAL.018,required,seed_review
DDQ.096,LEGAL.019,required,seed_review
DDQ.096,LEGAL.020,required,seed_review
DDQ.096,LEGAL.021,required,seed_review
DDQ.096,LEGAL.022,required,seed_review
DDQ.096,LEGAL.023,required,seed_review
DDQ.097,FIN.021,required,seed_review
DDQ.097,FIN.023,required,seed_review
DDQ.097,FIN.030,required,seed_review
DDQ.097,FIN.033,required,seed_review
DDQ.097,FIN.034,required,seed_review
DDQ.098,FIN.021,required,seed_review
DDQ.098,FIN.023,required,seed_review
DDQ.098,FIN.030,required,seed_review
DDQ.098,FIN.033,required,seed_review
DDQ.098,FIN.034,required,seed_review
DDQ.101,FIN.048,required,seed_review
DDQ.101,FIN.051,required,seed_review
DDQ.101,FIN.056,required,seed_review
DDQ.101,FIN.065,required,seed_review
DDQ.101,FIN.066,required,seed_review
DDQ.101,FIN.067,required,seed_review
DDQ.101,FIN.072,required,seed_review
DDQ.101,FIN.073,required,seed_review
DDQ.101,FIN.074,required,seed_review
DDQ.101,FIN.082,required,seed_review
DDQ.101,FIN.083,required,seed_review
DDQ.101,FIN.084,required,seed_review
DDQ.102,FIN.021,required,seed_review
DDQ.102,FIN.023,required,seed_review
DDQ.102,FIN.030,required,seed_review
DDQ.102,FIN.033,required,seed_review
DDQ.102,FIN.034,required,seed_review
DDQ.104,FIN.011,required,seed_review
DDQ.104,FIN.012,required,seed_review
DDQ.104,FIN.018,required,seed_review
DDQ.104,FIN.019,required,seed_review
DDQ.104,FIN.020,required,seed_review
DDQ.104,MKT.001,required,seed_review
DDQ.104,MKT.004,required,seed_review
DDQ.104,MKT.005,required,seed_review
DDQ.104,MKT.017,required,seed_review
DDQ.104,MKT.018,required,seed_review
DDQ.104,MKT.042,required,seed_review
DDQ.106,FIN.021,required,seed_review
DDQ.106,FIN.023,required,seed_review
DDQ.106,FIN.030,required,seed_review
DDQ.106,FIN.033,required,seed_review
DDQ.106,FIN.034,required,seed_review
DDQ.106,TXN.002,required,seed_review
DDQ.106,TXN.003,required,seed_review
DDQ.106,TXN.008,required,seed_review
DDQ.106,TXN.009,required,seed_review
DDQ.106,TXN.010,required,seed_review
DDQ.106,TXN.017,required,seed_review
DDQ.106,TXN.018,required,seed_review
DDQ.106,TXN.019,required,seed_review
DDQ.106,TXN.024,required,seed_review
DDQ.106,TXN.025,required,seed_review
DDQ.107,FIN.001,required,seed_review
DDQ.107,FIN.002,required,seed_review
DDQ.107,FIN.006,required,seed_review
DDQ.107,FIN.007,required,seed_review
DDQ.107,FIN.008,required,seed_review
DDQ.107,FIN.009,required,seed_review
DDQ.107,FIN.010,required,seed_review
DDQ.107,FIN.048,required,seed_review
DDQ.107,FIN.051,required,seed_review
DDQ.107,FIN.056,required,seed_review
DDQ.108,CUST.001,required,seed_review
DDQ.108,CUST.009,required,seed_review
DDQ.108,CUST.011,required,seed_review
DDQ.108,CUST.012,required,seed_review
DDQ.108,CUST.013,required,seed_review
DDQ.108,CUST.014,required,seed_review
DDQ.108,CUST.015,required,seed_review
DDQ.108,CUST.029,required,seed_review
DDQ.108,CUST.030,required,seed_review
DDQ.108,CUST.034,required,seed_review
DDQ.108,FIN.048,required,seed_review
DDQ.108,FIN.051,required,seed_review
DDQ.108,FIN.056,required,seed_review
DDQ.108,CORP.036,required,seed_review
DDQ.108,CORP.037,required,seed_review
DDQ.108,CORP.038,required,seed_review
DDQ.108,CORP.039,required,seed_review
DDQ.108,CORP.040,required,seed_review
DDQ.109,CUST.001,required,seed_review
DDQ.109,CUST.009,required,seed_review
DDQ.109,CUST.011,required,seed_review
DDQ.109,CUST.012,required,seed_review
DDQ.109,CUST.013,required,seed_review
DDQ.109,CUST.014,required,seed_review
DDQ.109,CUST.015,required,seed_review
DDQ.109,CUST.029,required,seed_review
DDQ.109,CUST.030,required,seed_review
DDQ.109,CUST.034,required,seed_review
DDQ.109,FIN.048,required,seed_review
DDQ.109,FIN.051,required,seed_review
DDQ.109,FIN.056,required,seed_review
DDQ.110,CUST.001,required,seed_review
DDQ.110,CUST.009,required,seed_review
DDQ.110,CUST.011,required,seed_review
DDQ.110,CUST.012,required,seed_review
DDQ.110,CUST.013,required,seed_review
DDQ.110,CUST.014,required,seed_review
DDQ.110,CUST.015,required,seed_review
DDQ.110,CUST.029,required,seed_review
DDQ.110,CUST.030,required,seed_review
DDQ.110,CUST.034,required,seed_review
DDQ.111,FIN.048,required,seed_review
DDQ.111,FIN.051,required,seed_review
DDQ.111,FIN.056,required,seed_review
DDQ.112,FIN.048,required,seed_review
DDQ.112,FIN.051,required,seed_review
DDQ.112,FIN.056,required,seed_review
DDQ.113,CUST.001,required,seed_review
DDQ.113,CUST.009,required,seed_review
DDQ.113,CUST.011,required,seed_review
DDQ.113,CUST.012,required,seed_review
DDQ.113,CUST.013,required,seed_review
DDQ.113,CUST.014,required,seed_review
DDQ.113,CUST.015,required,seed_review
DDQ.113,CUST.029,required,seed_review
DDQ.113,CUST.030,required,seed_review
DDQ.113,CUST.034,required,seed_review
DDQ.113,FIN.048,required,seed_review
DDQ.113,FIN.051,required,seed_review
DDQ.113,FIN.056,required,seed_review
DDQ.113,FIN.061,required,seed_review
DDQ.113,FIN.065,required,seed_review
DDQ.113,FIN.069,required,seed_review
DDQ.113,FIN.070,required,seed_review
DDQ.113,FIN.071,required,seed_review
DDQ.113,FIN.072,required,seed_review
DDQ.113,LEGAL.016,required,seed_review
DDQ.113,LEGAL.017,required,seed_review
DDQ.113,LEGAL.018,required,seed_review
DDQ.113,LEGAL.019,required,seed_review
DDQ.113,LEGAL.020,required,seed_review
DDQ.113,LEGAL.021,required,seed_review
DDQ.113,LEGAL.022,required,seed_review
DDQ.113,LEGAL.023,required,seed_review
DDQ.114,CUST.001,required,seed_review
DDQ.114,CUST.009,required,seed_review
DDQ.114,CUST.011,required,seed_review
DDQ.114,CUST.012,required,seed_review
DDQ.114,CUST.013,required,seed_review
DDQ.114,CUST.014,required,seed_review
DDQ.114,CUST.015,required,seed_review
DDQ.114,CUST.029,required,seed_review
DDQ.114,CUST.030,required,seed_review
DDQ.114,CUST.034,required,seed_review
DDQ.114,FIN.001,required,seed_review
DDQ.114,FIN.002,required,seed_review
DDQ.114,FIN.006,required,seed_review
DDQ.114,FIN.007,required,seed_review
DDQ.114,FIN.008,required,seed_review
DDQ.114,FIN.009,required,seed_review
DDQ.114,FIN.010,required,seed_review
DDQ.114,FIN.048,required,seed_review
DDQ.114,FIN.051,required,seed_review
DDQ.114,FIN.056,required,seed_review
DDQ.115,FIN.049,required,seed_review
DDQ.115,FIN.052,required,seed_review
DDQ.115,FIN.057,required,seed_review
DDQ.115,MKT.001,required,seed_review
DDQ.115,MKT.004,required,seed_review
DDQ.115,MKT.005,required,seed_review
DDQ.115,MKT.017,required,seed_review
DDQ.115,MKT.018,required,seed_review
DDQ.115,MKT.042,required,seed_review
DDQ.116,FIN.049,required,seed_review
DDQ.116,FIN.052,required,seed_review
DDQ.116,FIN.057,required,seed_review
DDQ.116,PROD.001,required,seed_review
DDQ.116,PROD.005,required,seed_review
DDQ.116,PROD.006,required,seed_review
DDQ.116,PROD.010,required,seed_review
DDQ.116,PROD.011,required,seed_review
DDQ.116,PROD.015,required,seed_review
DDQ.116,PROD.020,required,seed_review
DDQ.117,FIN.049,required,seed_review
DDQ.117,FIN.052,required,seed_review
DDQ.117,FIN.057,required,seed_review
DDQ.118,FIN.049,required,seed_review
DDQ.118,FIN.052,required,seed_review
DDQ.118,FIN.057,required,seed_review
DDQ.119,FIN.001,required,seed_review
DDQ.119,FIN.002,required,seed_review
DDQ.119,FIN.006,required,seed_review
DDQ.119,FIN.007,required,seed_review
DDQ.119,FIN.008,required,seed_review
DDQ.119,FIN.009,required,seed_review
DDQ.119,FIN.010,required,seed_review
DDQ.119,FIN.049,required,seed_review
DDQ.119,FIN.052,required,seed_review
DDQ.119,FIN.057,required,seed_review
DDQ.119,FIN.095,required,seed_review
DDQ.119,FIN.096,required,seed_review
DDQ.119,FIN.097,required,seed_review
DDQ.119,FIN.098,required,seed_review
DDQ.119,FIN.099,required,seed_review
DDQ.119,FIN.100,required,seed_review
DDQ.119,FIN.101,required,seed_review
DDQ.119,FIN.102,required,seed_review
DDQ.119,FIN.103,required,seed_review
DDQ.119,FIN.104,required,seed_review
DDQ.120,FIN.049,required,seed_review
DDQ.120,FIN.052,required,seed_review
DDQ.120,FIN.057,required,seed_review
DDQ.121,FIN.049,required,seed_review
DDQ.121,FIN.052,required,seed_review
DDQ.121,FIN.057,required,seed_review
DDQ.121,ESG.014,required,seed_review
DDQ.121,ESG.015,required,seed_review
DDQ.121,ESG.018,required,seed_review
DDQ.121,MGMT.011,required,seed_review
DDQ.121,MGMT.012,required,seed_review
DDQ.121,MGMT.013,required,seed_review
DDQ.121,MGMT.019,required,seed_review
DDQ.121,MGMT.020,required,seed_review
DDQ.121,MGMT.033,required,seed_review
DDQ.121,MGMT.035,required,seed_review
DDQ.121,MGMT.037,required,seed_review
DDQ.122,FIN.021,required,seed_review
DDQ.122,FIN.023,required,seed_review
DDQ.122,FIN.030,required,seed_review
DDQ.122,FIN.033,required,seed_review
DDQ.122,FIN.034,required,seed_review
DDQ.122,FIN.035,required,seed_review
DDQ.122,FIN.036,required,seed_review
DDQ.122,FIN.037,required,seed_review
DDQ.122,FIN.038,required,seed_review
DDQ.122,FIN.039,required,seed_review
DDQ.122,FIN.041,required,seed_review
DDQ.122,FIN.055,required,seed_review
DDQ.123,FIN.048,required,seed_review
DDQ.123,FIN.051,required,seed_review
DDQ.123,FIN.056,required,seed_review
DDQ.123,FIN.049,required,seed_review
DDQ.123,FIN.052,required,seed_review
DDQ.123,FIN.057,required,seed_review
DDQ.124,FIN.035,required,seed_review
DDQ.124,FIN.036,required,seed_review
DDQ.124,FIN.037,required,seed_review
DDQ.124,FIN.038,required,seed_review
DDQ.124,FIN.039,required,seed_review
DDQ.124,FIN.041,required,seed_review
DDQ.124,FIN.055,required,seed_review
DDQ.125,FIN.035,required,seed_review
DDQ.125,FIN.036,required,seed_review
DDQ.125,FIN.037,required,seed_review
DDQ.125,FIN.038,required,seed_review
DDQ.125,FIN.039,required,seed_review
DDQ.125,FIN.041,required,seed_review
DDQ.125,FIN.055,required,seed_review
DDQ.125,MGMT.011,required,seed_review
DDQ.125,MGMT.012,required,seed_review
DDQ.125,MGMT.013,required,seed_review
DDQ.125,MGMT.019,required,seed_review
DDQ.125,MGMT.020,required,seed_review
DDQ.125,MGMT.033,required,seed_review
DDQ.125,MGMT.035,required,seed_review
DDQ.125,MGMT.037,required,seed_review
DDQ.126,FIN.035,required,seed_review
DDQ.126,FIN.036,required,seed_review
DDQ.126,FIN.037,required,seed_review
DDQ.126,FIN.038,required,seed_review
DDQ.126,FIN.039,required,seed_review
DDQ.126,FIN.041,required,seed_review
DDQ.126,FIN.055,required,seed_review
DDQ.126,FIN.065,required,seed_review
DDQ.126,FIN.066,required,seed_review
DDQ.126,FIN.067,required,seed_review
DDQ.126,FIN.072,required,seed_review
DDQ.126,FIN.073,required,seed_review
DDQ.126,FIN.074,required,seed_review
DDQ.126,FIN.082,required,seed_review
DDQ.126,FIN.083,required,seed_review
DDQ.126,FIN.084,required,seed_review
DDQ.126,TXN.004,required,seed_review
DDQ.126,TXN.005,required,seed_review
DDQ.128,FIN.065,required,seed_review
DDQ.128,FIN.066,required,seed_review
DDQ.128,FIN.067,required,seed_review
DDQ.128,FIN.072,required,seed_review
DDQ.128,FIN.073,required,seed_review
DDQ.128,FIN.074,required,seed_review
DDQ.128,FIN.082,required,seed_review
DDQ.128,FIN.083,required,seed_review
DDQ.128,FIN.084,required,seed_review
DDQ.128,LEGAL.016,required,seed_review
DDQ.128,LEGAL.017,required,seed_review
DDQ.128,LEGAL.018,required,seed_review
DDQ.128,LEGAL.019,required,seed_review
DDQ.128,LEGAL.020,required,seed_review
DDQ.128,LEGAL.021,required,seed_review
DDQ.128,LEGAL.022,required,seed_review
DDQ.128,LEGAL.023,required,seed_review
DDQ.129,FIN.035,required,seed_review
DDQ.129,FIN.036,required,seed_review
DDQ.129,FIN.037,required,seed_review
DDQ.129,FIN.038,required,seed_review
DDQ.129,FIN.039,required,seed_review
DDQ.129,FIN.041,required,seed_review
DDQ.129,FIN.055,required,seed_review
DDQ.130,FIN.035,required,seed_review
DDQ.130,FIN.036,required,seed_review
DDQ.130,FIN.037,required,seed_review
DDQ.130,FIN.038,required,seed_review
DDQ.130,FIN.039,required,seed_review
DDQ.130,FIN.041,required,seed_review
DDQ.130,FIN.055,required,seed_review
DDQ.130,MKT.001,required,seed_review
DDQ.130,MKT.004,required,seed_review
DDQ.130,MKT.005,required,seed_review
DDQ.130,MKT.017,required,seed_review
DDQ.130,MKT.018,required,seed_review
DDQ.130,MKT.042,required,seed_review
DDQ.131,FIN.065,required,seed_review
DDQ.131,FIN.066,required,seed_review
DDQ.131,FIN.067,required,seed_review
DDQ.131,FIN.072,required,seed_review
DDQ.131,FIN.073,required,seed_review
DDQ.131,FIN.074,required,seed_review
DDQ.131,FIN.082,required,seed_review
DDQ.131,FIN.083,required,seed_review
DDQ.131,FIN.084,required,seed_review
DDQ.131,FIN.061,required,seed_review
DDQ.131,FIN.069,required,seed_review
DDQ.131,FIN.070,required,seed_review
DDQ.131,FIN.071,required,seed_review
DDQ.132,FIN.065,required,seed_review
DDQ.132,FIN.066,required,seed_review
DDQ.132,FIN.067,required,seed_review
DDQ.132,FIN.072,required,seed_review
DDQ.132,FIN.073,required,seed_review
DDQ.132,FIN.074,required,seed_review
DDQ.132,FIN.082,required,seed_review
DDQ.132,FIN.083,required,seed_review
DDQ.132,FIN.084,required,seed_review
DDQ.133,FIN.065,required,seed_review
DDQ.133,FIN.066,required,seed_review
DDQ.133,FIN.067,required,seed_review
DDQ.133,FIN.072,required,seed_review
DDQ.133,FIN.073,required,seed_review
DDQ.133,FIN.074,required,seed_review
DDQ.133,FIN.082,required,seed_review
DDQ.133,FIN.083,required,seed_review
DDQ.133,FIN.084,required,seed_review
DDQ.133,CORP.021,required,seed_review
DDQ.133,CORP.022,required,seed_review
DDQ.133,CORP.023,required,seed_review
DDQ.133,CORP.024,required,seed_review
DDQ.133,CORP.025,required,seed_review
DDQ.133,CORP.026,required,seed_review
DDQ.133,CORP.027,required,seed_review
DDQ.133,CORP.028,required,seed_review
DDQ.133,CORP.029,required,seed_review
DDQ.133,CORP.030,required,seed_review
DDQ.134,FIN.065,required,seed_review
DDQ.134,FIN.066,required,seed_review
DDQ.134,FIN.067,required,seed_review
DDQ.134,FIN.082,required,seed_review
DDQ.134,FIN.083,required,seed_review
DDQ.134,FIN.084,required,seed_review
DDQ.134,TXN.004,required,seed_review
DDQ.134,TXN.005,required,seed_review
DDQ.136,FIN.065,required,seed_review
DDQ.136,FIN.066,required,seed_review
DDQ.136,FIN.067,required,seed_review
DDQ.136,FIN.072,required,seed_review
DDQ.136,FIN.073,required,seed_review
DDQ.136,FIN.074,required,seed_review
DDQ.136,FIN.082,required,seed_review
DDQ.136,FIN.083,required,seed_review
DDQ.136,FIN.084,required,seed_review
DDQ.136,FIN.061,required,seed_review
DDQ.136,FIN.069,required,seed_review
DDQ.136,FIN.070,required,seed_review
DDQ.136,FIN.071,required,seed_review
DDQ.137,LEGAL.016,required,seed_review
DDQ.137,LEGAL.017,required,seed_review
DDQ.137,LEGAL.018,required,seed_review
DDQ.137,LEGAL.019,required,seed_review
DDQ.137,LEGAL.020,required,seed_review
DDQ.137,LEGAL.021,required,seed_review
DDQ.137,LEGAL.022,required,seed_review
DDQ.137,LEGAL.023,required,seed_review
DDQ.138,FIN.061,required,seed_review
DDQ.138,FIN.065,required,seed_review
DDQ.138,FIN.069,required,seed_review
DDQ.138,FIN.070,required,seed_review
DDQ.138,FIN.071,required,seed_review
DDQ.138,FIN.072,required,seed_review
DDQ.138,FIN.066,required,seed_review
DDQ.138,FIN.067,required,seed_review
DDQ.138,FIN.082,required,seed_review
DDQ.138,FIN.083,required,seed_review
DDQ.138,FIN.084,required,seed_review
DDQ.138,TXN.004,required,seed_review
DDQ.138,TXN.005,required,seed_review
DDQ.139,FIN.061,required,seed_review
DDQ.139,FIN.065,required,seed_review
DDQ.139,FIN.069,required,seed_review
DDQ.139,FIN.070,required,seed_review
DDQ.139,FIN.071,required,seed_review
DDQ.139,FIN.072,required,seed_review
DDQ.143,FIN.001,required,seed_review
DDQ.143,FIN.002,required,seed_review
DDQ.143,FIN.006,required,seed_review
DDQ.143,FIN.007,required,seed_review
DDQ.143,FIN.008,required,seed_review
DDQ.143,FIN.009,required,seed_review
DDQ.143,FIN.010,required,seed_review
DDQ.144,CORP.036,required,seed_review
DDQ.144,CORP.037,required,seed_review
DDQ.144,CORP.038,required,seed_review
DDQ.144,CORP.039,required,seed_review
DDQ.144,CORP.040,required,seed_review
DDQ.145,CUST.001,required,seed_review
DDQ.145,CUST.009,required,seed_review
DDQ.145,CUST.011,required,seed_review
DDQ.145,CUST.012,required,seed_review
DDQ.145,CUST.013,required,seed_review
DDQ.145,CUST.014,required,seed_review
DDQ.145,CUST.015,required,seed_review
DDQ.145,CUST.029,required,seed_review
DDQ.145,CUST.030,required,seed_review
DDQ.145,CUST.034,required,seed_review
DDQ.145,FIN.061,required,seed_review
DDQ.145,FIN.065,required,seed_review
DDQ.145,FIN.069,required,seed_review
DDQ.145,FIN.070,required,seed_review
DDQ.145,FIN.071,required,seed_review
DDQ.145,FIN.072,required,seed_review
DDQ.145,LEGAL.016,required,seed_review
DDQ.145,LEGAL.017,required,seed_review
DDQ.145,LEGAL.018,required,seed_review
DDQ.145,LEGAL.019,required,seed_review
DDQ.145,LEGAL.020,required,seed_review
DDQ.145,LEGAL.021,required,seed_review
DDQ.145,LEGAL.022,required,seed_review
DDQ.145,LEGAL.023,required,seed_review
DDQ.146,SUPP.001,required,seed_review
DDQ.146,SUPP.003,required,seed_review
DDQ.146,SUPP.004,required,seed_review
DDQ.146,SUPP.006,required,seed_review
DDQ.146,SUPP.008,required,seed_review
DDQ.146,SUPP.010,required,seed_review
DDQ.146,SUPP.027,required,seed_review
DDQ.146,SUPP.028,required,seed_review
DDQ.146,SUPP.029,required,seed_review
DDQ.146,SUPP.030,required,seed_review
DDQ.147,FIN.065,required,seed_review
DDQ.147,FIN.066,required,seed_review
DDQ.147,FIN.067,required,seed_review
DDQ.147,FIN.082,required,seed_review
DDQ.147,FIN.083,required,seed_review
DDQ.147,FIN.084,required,seed_review
DDQ.147,TXN.004,required,seed_review
DDQ.147,TXN.005,required,seed_review
DDQ.148,FIN.065,required,seed_review
DDQ.148,FIN.066,required,seed_review
DDQ.148,FIN.067,required,seed_review
DDQ.148,FIN.072,required,seed_review
DDQ.148,FIN.073,required,seed_review
DDQ.148,FIN.074,required,seed_review
DDQ.148,FIN.082,required,seed_review
DDQ.148,FIN.083,required,seed_review
DDQ.148,FIN.084,required,seed_review
DDQ.148,CORP.036,required,seed_review
DDQ.148,CORP.037,required,seed_review
DDQ.148,CORP.038,required,seed_review
DDQ.148,CORP.039,required,seed_review
DDQ.148,CORP.040,required,seed_review
DDQ.148,LEGAL.016,required,seed_review
DDQ.148,LEGAL.017,required,seed_review
DDQ.148,LEGAL.018,required,seed_review
DDQ.148,LEGAL.019,required,seed_review
DDQ.148,LEGAL.020,required,seed_review
DDQ.148,LEGAL.021,required,seed_review
DDQ.148,LEGAL.022,required,seed_review
DDQ.148,LEGAL.023,required,seed_review
DDQ.149,CUST.001,required,seed_review
DDQ.149,CUST.009,required,seed_review
DDQ.149,CUST.011,required,seed_review
DDQ.149,CUST.012,required,seed_review
DDQ.149,CUST.013,required,seed_review
DDQ.149,CUST.014,required,seed_review
DDQ.149,CUST.015,required,seed_review
DDQ.149,CUST.029,required,seed_review
DDQ.149,CUST.030,required,seed_review
DDQ.149,CUST.034,required,seed_review
DDQ.149,FIN.048,required,seed_review
DDQ.149,FIN.051,required,seed_review
DDQ.149,FIN.056,required,seed_review
DDQ.149,SUPP.001,required,seed_review
DDQ.149,SUPP.003,required,seed_review
DDQ.149,SUPP.004,required,seed_review
DDQ.149,SUPP.006,required,seed_review
DDQ.149,SUPP.008,required,seed_review
DDQ.149,SUPP.010,required,seed_review
DDQ.149,SUPP.027,required,seed_review
DDQ.149,SUPP.028,required,seed_review
DDQ.149,SUPP.029,required,seed_review
DDQ.149,SUPP.030,required,seed_review
DDQ.150,CORP.036,required,seed_review
DDQ.150,CORP.037,required,seed_review
DDQ.150,CORP.038,required,seed_review
DDQ.150,CORP.039,required,seed_review
DDQ.150,CORP.040,required,seed_review
DDQ.151,CORP.036,required,seed_review
DDQ.151,CORP.037,required,seed_review
DDQ.151,CORP.038,required,seed_review
DDQ.151,CORP.039,required,seed_review
DDQ.151,CORP.040,required,seed_review
DDQ.152,CORP.036,required,seed_review
DDQ.152,CORP.037,required,seed_review
DDQ.152,CORP.038,required,seed_review
DDQ.152,CORP.039,required,seed_review
DDQ.152,CORP.040,required,seed_review
DDQ.152,DATA.001,required,seed_review
DDQ.152,DATA.002,required,seed_review
DDQ.152,DATA.003,required,seed_review
DDQ.152,DATA.007,required,seed_review
DDQ.152,DATA.008,required,seed_review
DDQ.152,MGMT.011,required,seed_review
DDQ.152,MGMT.012,required,seed_review
DDQ.152,MGMT.013,required,seed_review
DDQ.152,MGMT.019,required,seed_review
DDQ.152,MGMT.020,required,seed_review
DDQ.152,MGMT.033,required,seed_review
DDQ.152,MGMT.035,required,seed_review
DDQ.152,MGMT.037,required,seed_review
DDQ.153,CORP.036,required,seed_review
DDQ.153,CORP.037,required,seed_review
DDQ.153,CORP.038,required,seed_review
DDQ.153,CORP.039,required,seed_review
DDQ.153,CORP.040,required,seed_review
DDQ.153,DATA.001,required,seed_review
DDQ.153,DATA.002,required,seed_review
DDQ.153,DATA.003,required,seed_review
DDQ.153,DATA.007,required,seed_review
DDQ.153,DATA.008,required,seed_review
DDQ.154,CORP.036,required,seed_review
DDQ.154,CORP.037,required,seed_review
DDQ.154,CORP.038,required,seed_review
DDQ.154,CORP.039,required,seed_review
DDQ.154,CORP.040,required,seed_review
DDQ.154,DATA.001,required,seed_review
DDQ.154,DATA.002,required,seed_review
DDQ.154,DATA.003,required,seed_review
DDQ.154,DATA.007,required,seed_review
DDQ.154,DATA.008,required,seed_review
DDQ.154,MGMT.011,required,seed_review
DDQ.154,MGMT.012,required,seed_review
DDQ.154,MGMT.013,required,seed_review
DDQ.154,MGMT.019,required,seed_review
DDQ.154,MGMT.020,required,seed_review
DDQ.154,MGMT.033,required,seed_review
DDQ.154,MGMT.035,required,seed_review
DDQ.154,MGMT.037,required,seed_review
DDQ.156,FIN.021,required,seed_review
DDQ.156,FIN.023,required,seed_review
DDQ.156,FIN.030,required,seed_review
DDQ.156,FIN.033,required,seed_review
DDQ.156,FIN.034,required,seed_review
DDQ.156,TXN.002,required,seed_review
DDQ.156,TXN.003,required,seed_review
DDQ.156,TXN.008,required,seed_review
DDQ.156,TXN.009,required,seed_review
DDQ.156,TXN.010,required,seed_review
DDQ.156,TXN.017,required,seed_review
DDQ.156,TXN.018,required,seed_review
DDQ.156,TXN.019,required,seed_review
DDQ.156,TXN.024,required,seed_review
DDQ.156,TXN.025,required,seed_review
DDQ.156,DATA.001,required,seed_review
DDQ.156,DATA.002,required,seed_review
DDQ.156,DATA.003,required,seed_review
DDQ.156,DATA.007,required,seed_review
DDQ.156,DATA.008,required,seed_review
DDQ.157,CORP.021,required,seed_review
DDQ.157,CORP.027,required,seed_review
DDQ.157,CORP.029,required,seed_review
DDQ.157,CORP.030,required,seed_review
DDQ.158,TXN.002,required,seed_review
DDQ.158,TXN.003,required,seed_review
DDQ.158,TXN.008,required,seed_review
DDQ.158,TXN.009,required,seed_review
DDQ.158,TXN.010,required,seed_review
DDQ.158,TXN.017,required,seed_review
DDQ.158,TXN.018,required,seed_review
DDQ.158,TXN.019,required,seed_review
DDQ.158,TXN.024,required,seed_review
DDQ.158,TXN.025,required,seed_review
DDQ.158,MKT.004,required,seed_review
DDQ.158,MKT.005,required,seed_review
DDQ.158,MKT.011,required,seed_review
DDQ.158,MKT.017,required,seed_review
DDQ.158,MKT.018,required,seed_review
DDQ.158,MKT.028,required,seed_review
DDQ.158,MKT.042,required,seed_review
DDQ.158,FIN.065,required,seed_review
DDQ.158,FIN.066,required,seed_review
DDQ.158,FIN.067,required,seed_review
DDQ.158,FIN.082,required,seed_review
DDQ.158,FIN.083,required,seed_review
DDQ.158,FIN.084,required,seed_review
DDQ.158,TXN.004,required,seed_review
DDQ.158,TXN.005,required,seed_review
DDQ.159,FIN.095,required,seed_review
DDQ.159,FIN.096,required,seed_review
DDQ.159,FIN.097,required,seed_review
DDQ.159,FIN.098,required,seed_review
DDQ.159,FIN.099,required,seed_review
DDQ.159,FIN.100,required,seed_review
DDQ.159,FIN.101,required,seed_review
DDQ.159,FIN.102,required,seed_review
DDQ.159,FIN.103,required,seed_review
DDQ.159,FIN.104,required,seed_review
DDQ.161,FIN.001,required,seed_review
DDQ.161,FIN.002,required,seed_review
DDQ.161,FIN.006,required,seed_review
DDQ.161,FIN.007,required,seed_review
DDQ.161,FIN.008,required,seed_review
DDQ.161,FIN.009,required,seed_review
DDQ.161,FIN.010,required,seed_review
DDQ.161,FIN.095,required,seed_review
DDQ.161,FIN.096,required,seed_review
DDQ.161,FIN.097,required,seed_review
DDQ.161,FIN.098,required,seed_review
DDQ.161,FIN.099,required,seed_review
DDQ.161,FIN.100,required,seed_review
DDQ.161,FIN.101,required,seed_review
DDQ.161,FIN.102,required,seed_review
DDQ.161,FIN.103,required,seed_review
DDQ.161,FIN.104,required,seed_review
DDQ.161,MGMT.011,required,seed_review
DDQ.161,MGMT.012,required,seed_review
DDQ.161,MGMT.013,required,seed_review
DDQ.161,MGMT.019,required,seed_review
DDQ.161,MGMT.020,required,seed_review
DDQ.161,MGMT.033,required,seed_review
DDQ.161,MGMT.035,required,seed_review
DDQ.161,MGMT.037,required,seed_review
DDQ.162,FIN.095,required,seed_review
DDQ.162,FIN.096,required,seed_review
DDQ.162,FIN.097,required,seed_review
DDQ.162,FIN.098,required,seed_review
DDQ.162,FIN.099,required,seed_review
DDQ.162,FIN.100,required,seed_review
DDQ.162,FIN.101,required,seed_review
DDQ.162,FIN.102,required,seed_review
DDQ.162,FIN.103,required,seed_review
DDQ.162,FIN.104,required,seed_review
DDQ.162,PROD.001,required,seed_review
DDQ.162,PROD.005,required,seed_review
DDQ.162,PROD.006,required,seed_review
DDQ.162,PROD.010,required,seed_review
DDQ.162,PROD.011,required,seed_review
DDQ.162,PROD.015,required,seed_review
DDQ.162,PROD.020,required,seed_review
DDQ.163,CUST.001,required,seed_review
DDQ.163,CUST.009,required,seed_review
DDQ.163,CUST.011,required,seed_review
DDQ.163,CUST.012,required,seed_review
DDQ.163,CUST.013,required,seed_review
DDQ.163,CUST.014,required,seed_review
DDQ.163,CUST.015,required,seed_review
DDQ.163,CUST.029,required,seed_review
DDQ.163,CUST.030,required,seed_review
DDQ.163,CUST.034,required,seed_review
DDQ.163,FIN.095,required,seed_review
DDQ.163,FIN.096,required,seed_review
DDQ.163,FIN.097,required,seed_review
DDQ.163,FIN.098,required,seed_review
DDQ.163,FIN.099,required,seed_review
DDQ.163,FIN.100,required,seed_review
DDQ.163,FIN.101,required,seed_review
DDQ.163,FIN.102,required,seed_review
DDQ.163,FIN.103,required,seed_review
DDQ.163,FIN.104,required,seed_review
DDQ.164,FIN.095,required,seed_review
DDQ.164,FIN.096,required,seed_review
DDQ.164,FIN.097,required,seed_review
DDQ.164,FIN.098,required,seed_review
DDQ.164,FIN.099,required,seed_review
DDQ.164,FIN.100,required,seed_review
DDQ.164,FIN.101,required,seed_review
DDQ.164,FIN.102,required,seed_review
DDQ.164,FIN.103,required,seed_review
DDQ.164,FIN.104,required,seed_review
DDQ.165,FIN.095,required,seed_review
DDQ.165,FIN.096,required,seed_review
DDQ.165,FIN.097,required,seed_review
DDQ.165,FIN.098,required,seed_review
DDQ.165,FIN.099,required,seed_review
DDQ.165,FIN.100,required,seed_review
DDQ.165,FIN.101,required,seed_review
DDQ.165,FIN.102,required,seed_review
DDQ.165,FIN.103,required,seed_review
DDQ.165,FIN.104,required,seed_review
DDQ.166,FIN.021,required,seed_review
DDQ.166,FIN.023,required,seed_review
DDQ.166,FIN.030,required,seed_review
DDQ.166,FIN.033,required,seed_review
DDQ.166,FIN.034,required,seed_review
DDQ.166,FIN.095,required,seed_review
DDQ.166,FIN.096,required,seed_review
DDQ.166,FIN.097,required,seed_review
DDQ.166,FIN.098,required,seed_review
DDQ.166,FIN.099,required,seed_review
DDQ.166,FIN.100,required,seed_review
DDQ.166,FIN.101,required,seed_review
DDQ.166,FIN.102,required,seed_review
DDQ.166,FIN.103,required,seed_review
DDQ.166,FIN.104,required,seed_review
DDQ.167,FIN.095,required,seed_review
DDQ.167,FIN.096,required,seed_review
DDQ.167,FIN.097,required,seed_review
DDQ.167,FIN.098,required,seed_review
DDQ.167,FIN.099,required,seed_review
DDQ.167,FIN.100,required,seed_review
DDQ.167,FIN.101,required,seed_review
DDQ.167,FIN.102,required,seed_review
DDQ.167,FIN.103,required,seed_review
DDQ.167,FIN.104,required,seed_review
DDQ.167,TECH.001,required,seed_review
DDQ.167,TECH.002,required,seed_review
DDQ.167,TECH.003,required,seed_review
DDQ.167,TECH.006,required,seed_review
DDQ.167,TECH.007,required,seed_review
DDQ.167,TECH.018,required,seed_review
DDQ.167,TECH.021,required,seed_review
DDQ.167,TECH.023,required,seed_review
DDQ.167,TECH.027,required,seed_review
DDQ.167,TECH.031,required,seed_review
DDQ.167,TECH.032,required,seed_review
DDQ.168,FIN.061,required,seed_review
DDQ.168,FIN.065,required,seed_review
DDQ.168,FIN.069,required,seed_review
DDQ.168,FIN.070,required,seed_review
DDQ.168,FIN.071,required,seed_review
DDQ.168,FIN.072,required,seed_review
DDQ.168,FIN.095,required,seed_review
DDQ.168,FIN.096,required,seed_review
DDQ.168,FIN.097,required,seed_review
DDQ.168,FIN.098,required,seed_review
DDQ.168,FIN.099,required,seed_review
DDQ.168,FIN.100,required,seed_review
DDQ.168,FIN.101,required,seed_review
DDQ.168,FIN.102,required,seed_review
DDQ.168,FIN.103,required,seed_review
DDQ.168,FIN.104,required,seed_review
DDQ.169,FIN.095,required,seed_review
DDQ.169,FIN.096,required,seed_review
DDQ.169,FIN.097,required,seed_review
DDQ.169,FIN.098,required,seed_review
DDQ.169,FIN.099,required,seed_review
DDQ.169,FIN.100,required,seed_review
DDQ.169,FIN.101,required,seed_review
DDQ.169,FIN.102,required,seed_review
DDQ.169,FIN.103,required,seed_review
DDQ.169,FIN.104,required,seed_review
DDQ.169,TXN.002,required,seed_review
DDQ.169,TXN.003,required,seed_review
DDQ.169,TXN.008,required,seed_review
DDQ.169,TXN.009,required,seed_review
DDQ.169,TXN.010,required,seed_review
DDQ.169,TXN.017,required,seed_review
DDQ.169,TXN.018,required,seed_review
DDQ.169,TXN.019,required,seed_review
DDQ.169,TXN.024,required,seed_review
DDQ.169,TXN.025,required,seed_review
DDQ.169,MGMT.011,required,seed_review
DDQ.169,MGMT.012,required,seed_review
DDQ.169,MGMT.013,required,seed_review
DDQ.169,MGMT.019,required,seed_review
DDQ.169,MGMT.020,required,seed_review
DDQ.169,MGMT.033,required,seed_review
DDQ.169,MGMT.035,required,seed_review
DDQ.169,MGMT.037,required,seed_review
DDQ.170,FIN.001,required,seed_review
DDQ.170,FIN.002,required,seed_review
DDQ.170,FIN.006,required,seed_review
DDQ.170,FIN.007,required,seed_review
DDQ.170,FIN.008,required,seed_review
DDQ.170,FIN.009,required,seed_review
DDQ.170,FIN.010,required,seed_review
DDQ.170,FIN.095,required,seed_review
DDQ.170,FIN.096,required,seed_review
DDQ.170,FIN.097,required,seed_review
DDQ.170,FIN.098,required,seed_review
DDQ.170,FIN.099,required,seed_review
DDQ.170,FIN.100,required,seed_review
DDQ.170,FIN.101,required,seed_review
DDQ.170,FIN.102,required,seed_review
DDQ.170,FIN.103,required,seed_review
DDQ.170,FIN.104,required,seed_review
DDQ.170,TXN.002,required,seed_review
DDQ.170,TXN.003,required,seed_review
DDQ.170,TXN.008,required,seed_review
DDQ.170,TXN.009,required,seed_review
DDQ.170,TXN.010,required,seed_review
DDQ.170,TXN.017,required,seed_review
DDQ.170,TXN.018,required,seed_review
DDQ.170,TXN.019,required,seed_review
DDQ.170,TXN.024,required,seed_review
DDQ.170,TXN.025,required,seed_review
DDQ.171,FIN.065,required,seed_review
DDQ.171,FIN.066,required,seed_review
DDQ.171,FIN.067,required,seed_review
DDQ.171,FIN.082,required,seed_review
DDQ.171,FIN.083,required,seed_review
DDQ.171,FIN.084,required,seed_review
DDQ.171,TXN.004,required,seed_review
DDQ.171,TXN.005,required,seed_review
DDQ.172,TXN.002,required,seed_review
DDQ.172,TXN.003,required,seed_review
DDQ.172,TXN.008,required,seed_review
DDQ.172,TXN.009,required,seed_review
DDQ.172,TXN.010,required,seed_review
DDQ.172,TXN.017,required,seed_review
DDQ.172,TXN.018,required,seed_review
DDQ.172,TXN.019,required,seed_review
DDQ.172,TXN.024,required,seed_review
DDQ.172,TXN.025,required,seed_review
DDQ.172,MKT.001,required,seed_review
DDQ.172,MKT.004,required,seed_review
DDQ.172,MKT.005,required,seed_review
DDQ.172,MKT.017,required,seed_review
DDQ.172,MKT.018,required,seed_review
DDQ.172,MKT.042,required,seed_review
DDQ.173,TXN.002,required,seed_review
DDQ.173,TXN.003,required,seed_review
DDQ.173,TXN.008,required,seed_review
DDQ.173,TXN.009,required,seed_review
DDQ.173,TXN.010,required,seed_review
DDQ.173,TXN.017,required,seed_review
DDQ.173,TXN.018,required,seed_review
DDQ.173,TXN.019,required,seed_review
DDQ.173,TXN.024,required,seed_review
DDQ.173,TXN.025,required,seed_review
DDQ.173,MKT.004,required,seed_review
DDQ.173,MKT.005,required,seed_review
DDQ.173,MKT.011,required,seed_review
DDQ.173,MKT.017,required,seed_review
DDQ.173,MKT.018,required,seed_review
DDQ.173,MKT.028,required,seed_review
DDQ.173,MKT.042,required,seed_review
DDQ.174,FIN.021,required,seed_review
DDQ.174,FIN.023,required,seed_review
DDQ.174,FIN.030,required,seed_review
DDQ.174,FIN.033,required,seed_review
DDQ.174,FIN.034,required,seed_review
DDQ.174,FIN.095,required,seed_review
DDQ.174,FIN.096,required,seed_review
DDQ.174,FIN.097,required,seed_review
DDQ.174,FIN.098,required,seed_review
DDQ.174,FIN.099,required,seed_review
DDQ.174,FIN.100,required,seed_review
DDQ.174,FIN.101,required,seed_review
DDQ.174,FIN.102,required,seed_review
DDQ.174,FIN.103,required,seed_review
DDQ.174,FIN.104,required,seed_review
DDQ.174,TXN.002,required,seed_review
DDQ.174,TXN.003,required,seed_review
DDQ.174,TXN.008,required,seed_review
DDQ.174,TXN.009,required,seed_review
DDQ.174,TXN.010,required,seed_review
DDQ.174,TXN.017,required,seed_review
DDQ.174,TXN.018,required,seed_review
DDQ.174,TXN.019,required,seed_review
DDQ.174,TXN.024,required,seed_review
DDQ.174,TXN.025,required,seed_review
DDQ.174,MGMT.011,required,seed_review
DDQ.174,MGMT.012,required,seed_review
DDQ.174,MGMT.013,required,seed_review
DDQ.174,MGMT.019,required,seed_review
DDQ.174,MGMT.020,required,seed_review
DDQ.174,MGMT.033,required,seed_review
DDQ.174,MGMT.035,required,seed_review
DDQ.174,MGMT.037,required,seed_review
DDQ.175,MGMT.011,required,seed_review
DDQ.175,MGMT.012,required,seed_review
DDQ.175,MGMT.013,required,seed_review
DDQ.175,MGMT.019,required,seed_review
DDQ.175,MGMT.020,required,seed_review
DDQ.175,MGMT.033,required,seed_review
DDQ.175,MGMT.035,required,seed_review
DDQ.175,MGMT.037,required,seed_review
DDQ.176,DATA.001,required,seed_review
DDQ.176,DATA.002,required,seed_review
DDQ.176,DATA.003,required,seed_review
DDQ.176,DATA.007,required,seed_review
DDQ.176,DATA.008,required,seed_review
DDQ.179,LEGAL.001,required,seed_review
DDQ.179,LEGAL.002,required,seed_review
DDQ.179,LEGAL.003,required,seed_review
DDQ.179,LEGAL.004,required,seed_review
DDQ.179,LEGAL.005,required,seed_review
DDQ.179,LEGAL.006,required,seed_review
DDQ.179,LEGAL.007,required,seed_review
DDQ.179,LEGAL.008,required,seed_review
DDQ.180,TECH.001,required,seed_review
DDQ.180,TECH.002,required,seed_review
DDQ.180,TECH.003,required,seed_review
DDQ.180,TECH.006,required,seed_review
DDQ.180,TECH.007,required,seed_review
DDQ.180,TECH.018,required,seed_review
DDQ.180,TECH.021,required,seed_review
DDQ.180,TECH.023,required,seed_review
DDQ.180,TECH.027,required,seed_review
DDQ.180,TECH.031,required,seed_review
DDQ.180,TECH.032,required,seed_review
DDQ.181,FIN.001,required,seed_review
DDQ.181,FIN.002,required,seed_review
DDQ.181,FIN.006,required,seed_review
DDQ.181,FIN.007,required,seed_review
DDQ.181,FIN.008,required,seed_review
DDQ.181,FIN.009,required,seed_review
DDQ.181,FIN.010,required,seed_review
DDQ.181,FIN.049,required,seed_review
DDQ.181,FIN.052,required,seed_review
DDQ.181,FIN.057,required,seed_review
DDQ.182,DATA.001,required,seed_review
DDQ.182,DATA.002,required,seed_review
DDQ.182,DATA.003,required,seed_review
DDQ.182,DATA.007,required,seed_review
DDQ.182,DATA.008,required,seed_review
DDQ.183,FIN.049,required,seed_review
DDQ.183,FIN.052,required,seed_review
DDQ.183,FIN.057,required,seed_review
DDQ.184,CUST.001,required,seed_review
DDQ.184,CUST.009,required,seed_review
DDQ.184,CUST.011,required,seed_review
DDQ.184,CUST.012,required,seed_review
DDQ.184,CUST.013,required,seed_review
DDQ.184,CUST.014,required,seed_review
DDQ.184,CUST.015,required,seed_review
DDQ.184,CUST.029,required,seed_review
DDQ.184,CUST.030,required,seed_review
DDQ.184,CUST.034,required,seed_review
DDQ.184,FIN.021,required,seed_review
DDQ.184,FIN.023,required,seed_review
DDQ.184,FIN.030,required,seed_review
DDQ.184,FIN.033,required,seed_review
DDQ.184,FIN.034,required,seed_review
DDQ.184,FIN.035,required,seed_review
DDQ.184,FIN.036,required,seed_review
DDQ.184,FIN.037,required,seed_review
DDQ.184,FIN.038,required,seed_review
DDQ.184,FIN.039,required,seed_review
DDQ.184,FIN.041,required,seed_review
DDQ.184,FIN.055,required,seed_review
DDQ.184,FIN.049,required,seed_review
DDQ.184,FIN.052,required,seed_review
DDQ.184,FIN.057,required,seed_review
DDQ.184,FIN.061,required,seed_review
DDQ.184,FIN.065,required,seed_review
DDQ.184,FIN.069,required,seed_review
DDQ.184,FIN.070,required,seed_review
DDQ.184,FIN.071,required,seed_review
DDQ.184,FIN.072,required,seed_review
DDQ.184,FIN.095,required,seed_review
DDQ.184,FIN.096,required,seed_review
DDQ.184,FIN.097,required,seed_review
DDQ.184,FIN.098,required,seed_review
DDQ.184,FIN.099,required,seed_review
DDQ.184,FIN.100,required,seed_review
DDQ.184,FIN.101,required,seed_review
DDQ.184,FIN.102,required,seed_review
DDQ.184,FIN.103,required,seed_review
DDQ.184,FIN.104,required,seed_review
DDQ.184,MGMT.011,required,seed_review
DDQ.184,MGMT.012,required,seed_review
DDQ.184,MGMT.013,required,seed_review
DDQ.184,MGMT.019,required,seed_review
DDQ.184,MGMT.020,required,seed_review
DDQ.184,MGMT.033,required,seed_review
DDQ.184,MGMT.035,required,seed_review
DDQ.184,MGMT.037,required,seed_review
DDQ.185,TXN.001,required,seed_review
DDQ.185,TXN.002,required,seed_review
DDQ.185,TXN.003,required,seed_review
DDQ.185,TXN.008,required,seed_review
DDQ.185,TXN.009,required,seed_review
DDQ.185,TXN.018,required,seed_review
DDQ.185,TXN.019,required,seed_review
DDQ.185,TXN.020,required,seed_review
DDQ.185,TXN.021,required,seed_review
DDQ.185,TXN.023,required,seed_review
DDQ.185,TXN.024,required,seed_review
DDQ.185,TXN.025,required,seed_review
DDQ.185,TXN.026,required,seed_review
DDQ.186,MKT.001,required,seed_review
DDQ.186,MKT.004,required,seed_review
DDQ.186,MKT.005,required,seed_review
DDQ.186,MKT.006,required,seed_review
DDQ.186,MKT.011,required,seed_review
DDQ.186,MKT.017,required,seed_review
DDQ.186,MKT.018,required,seed_review
DDQ.186,MKT.028,required,seed_review
DDQ.186,MKT.031,required,seed_review
DDQ.186,MKT.036,required,seed_review
DDQ.186,MKT.042,required,seed_review
DDQ.187,BMOD.002,required,seed_review
DDQ.187,BMOD.005,required,seed_review
DDQ.187,BMOD.006,required,seed_review
DDQ.187,BMOD.007,required,seed_review
DDQ.187,BMOD.008,required,seed_review
DDQ.187,BMOD.009,required,seed_review
DDQ.187,BMOD.021,required,seed_review
DDQ.187,BMOD.022,required,seed_review
DDQ.187,BMOD.023,required,seed_review
DDQ.187,BMOD.024,required,seed_review
DDQ.187,BMOD.025,required,seed_review
DDQ.187,BMOD.026,required,seed_review
DDQ.187,BMOD.031,required,seed_review
DDQ.187,BMOD.032,required,seed_review
DDQ.187,BMOD.033,required,seed_review
DDQ.187,BMOD.034,required,seed_review
DDQ.187,BMOD.035,required,seed_review
DDQ.187,CUST.005,required,seed_review
DDQ.187,CUST.007,required,seed_review
DDQ.187,CUST.008,required,seed_review
DDQ.187,CUST.009,required,seed_review
DDQ.187,CUST.011,required,seed_review
DDQ.187,CUST.012,required,seed_review
DDQ.187,CUST.013,required,seed_review
DDQ.187,CUST.014,required,seed_review
DDQ.188,PROD.001,required,seed_review
DDQ.188,PROD.005,required,seed_review
DDQ.188,PROD.007,required,seed_review
DDQ.188,PROD.010,required,seed_review
DDQ.188,PROD.011,required,seed_review
DDQ.188,PROD.012,required,seed_review
DDQ.188,PROD.013,required,seed_review
DDQ.188,PROD.014,required,seed_review
DDQ.188,PROD.015,required,seed_review
DDQ.188,PROD.020,required,seed_review
DDQ.188,TECH.007,required,seed_review
DDQ.188,TECH.008,required,seed_review
DDQ.189,SUPP.003,required,seed_review
DDQ.189,SUPP.004,required,seed_review
DDQ.189,SUPP.006,required,seed_review
DDQ.189,SUPP.008,required,seed_review
DDQ.189,SUPP.010,required,seed_review
DDQ.189,SUPP.017,required,seed_review
DDQ.189,SUPP.018,required,seed_review
DDQ.189,SUPP.021,required,seed_review
DDQ.189,SUPP.025,required,seed_review
DDQ.189,SUPP.026,required,seed_review
DDQ.189,SUPP.027,required,seed_review
DDQ.189,SUPP.030,required,seed_review
DDQ.190,PROD.023,required,seed_review
DDQ.190,PROD.024,required,seed_review
DDQ.190,PROD.025,required,seed_review
DDQ.190,PROD.026,required,seed_review
DDQ.190,PROD.029,required,seed_review
DDQ.190,PROD.030,required,seed_review
DDQ.190,PROD.031,required,seed_review
DDQ.190,PROD.036,required,seed_review
DDQ.190,PROD.042,required,seed_review
DDQ.190,PROD.043,required,seed_review
DDQ.190,PROD.045,required,seed_review
DDQ.190,PROD.050,required,seed_review
DDQ.190,PROD.051,required,seed_review
DDQ.191,TECH.001,required,seed_review
DDQ.191,TECH.002,required,seed_review
DDQ.191,TECH.003,required,seed_review
DDQ.191,TECH.006,required,seed_review
DDQ.191,TECH.007,required,seed_review
DDQ.191,TECH.011,required,seed_review
DDQ.191,TECH.014,required,seed_review
DDQ.191,TECH.018,required,seed_review
DDQ.191,TECH.021,required,seed_review
DDQ.191,TECH.022,required,seed_review
DDQ.191,TECH.023,required,seed_review
DDQ.191,TECH.024,required,seed_review
DDQ.191,TECH.025,required,seed_review
DDQ.191,TECH.026,required,seed_review
DDQ.191,TECH.027,required,seed_review
DDQ.191,TECH.031,required,seed_review
DDQ.191,TECH.032,required,seed_review
DDQ.191,TECH.033,required,seed_review
DDQ.191,TECH.034,required,seed_review
DDQ.191,TECH.035,required,seed_review
DDQ.192,DATA.001,required,seed_review
DDQ.192,DATA.002,required,seed_review
DDQ.192,DATA.003,required,seed_review
DDQ.192,DATA.004,required,seed_review
DDQ.192,DATA.005,required,seed_review
DDQ.192,DATA.006,required,seed_review
DDQ.192,DATA.007,required,seed_review
DDQ.192,DATA.008,required,seed_review
DDQ.193,ESG.011,required,seed_review
DDQ.193,ESG.012,required,seed_review
DDQ.193,ESG.013,required,seed_review
DDQ.193,ESG.014,required,seed_review
DDQ.193,ESG.015,required,seed_review
DDQ.193,ESG.018,required,seed_review
DDQ.193,ESG.020,required,seed_review
DDQ.193,ESG.021,required,seed_review
DDQ.193,ESG.022,required,seed_review
DDQ.193,ESG.023,required,seed_review
DDQ.193,ESG.024,required,seed_review
DDQ.193,ESG.025,required,seed_review
DDQ.193,ESG.026,required,seed_review
DDQ.193,ESG.027,required,seed_review
DDQ.193,LEGAL.009,required,seed_review
DDQ.193,LEGAL.010,required,seed_review
DDQ.193,LEGAL.011,required,seed_review
DDQ.193,LEGAL.012,required,seed_review
DDQ.193,LEGAL.013,required,seed_review
DDQ.193,LEGAL.039,required,seed_review
DDQ.194,LOGI.001,required,seed_review
DDQ.194,LOGI.002,required,seed_review
DDQ.194,LOGI.003,required,seed_review
DDQ.194,LOGI.004,required,seed_review
DDQ.194,LOGI.005,required,seed_review
DDQ.194,LOGI.006,required,seed_review
DDQ.194,LOGI.007,required,seed_review
DDQ.194,LOGI.008,required,seed_review
DDQ.195,MGMT.010,required,seed_review
DDQ.195,MGMT.011,required,seed_review
DDQ.195,MGMT.012,required,seed_review
DDQ.195,MGMT.013,required,seed_review
DDQ.195,MGMT.019,required,seed_review
DDQ.195,MGMT.020,required,seed_review
DDQ.195,MGMT.021,required,seed_review
DDQ.195,MGMT.023,required,seed_review
DDQ.195,MGMT.033,required,seed_review
DDQ.195,MGMT.034,required,seed_review
DDQ.195,MGMT.035,required,seed_review
DDQ.195,MGMT.037,required,seed_review
DDQ.195,MGMT.038,required,seed_review
DDQ.196,DATA.001,required,seed_review
DDQ.196,DATA.002,required,seed_review
DDQ.196,FIN.001,required,seed_review
DDQ.196,FIN.021,required,seed_review
DDQ.196,FIN.030,required,seed_review
DDQ.196,FIN.056,required,seed_review
DDQ.196,FIN.057,required,seed_review
DDQ.196,FIN.060,required,seed_review
DDQ.196,FIN.061,required,seed_review
DDQ.196,FIN.062,required,seed_review
DDQ.196,FIN.065,required,seed_review
DDQ.196,FIN.095,required,seed_review
DDQ.196,FIN.096,required,seed_review
DDQ.196,FIN.103,required,seed_review
DDQ.196,FIN.104,required,seed_review
DDQ.196,CORP.036,required,seed_review
DDQ.196,CORP.037,required,seed_review
DDQ.196,CORP.044,required,seed_review
DDQ.196,CORP.045,required,seed_review
DDQ.197,CUST.013,required,seed_review
DDQ.197,CUST.015,required,seed_review
DDQ.197,CUST.029,required,seed_review
DDQ.197,CUST.030,required,seed_review
DDQ.197,FIN.002,required,seed_review
DDQ.197,FIN.035,required,seed_review
DDQ.197,FIN.038,required,seed_review
DDQ.197,FIN.063,required,seed_review
DDQ.197,FIN.072,required,seed_review
DDQ.197,FIN.080,required,seed_review
DDQ.197,FIN.082,required,seed_review
DDQ.197,FIN.083,required,seed_review
DDQ.197,TXN.017,required,seed_review
DDQ.197,TXN.018,required,seed_review
DDQ.197,TXN.019,required,seed_review
DDQ.197,TXN.020,required,seed_review
DDQ.197,TXN.021,required,seed_review
DDQ.197,TXN.024,required,seed_review
DDQ.197,TXN.025,required,seed_review
DDQ.198,TXN.002,required,seed_review
DDQ.198,TXN.003,required,seed_review
DDQ.198,TXN.008,required,seed_review
DDQ.198,TXN.009,required,seed_review
DDQ.198,TXN.010,required,seed_review
DDQ.198,TXN.017,required,seed_review
DDQ.198,TXN.018,required,seed_review
DDQ.198,TXN.019,required,seed_review
DDQ.198,TXN.020,required,seed_review
DDQ.198,TXN.021,required,seed_review
DDQ.198,TXN.023,required,seed_review
DDQ.198,TXN.024,required,seed_review
DDQ.198,TXN.025,required,seed_review
DDQ.198,TXN.026,required,seed_review
DDQ.199,TXN.001,required,seed_review
DDQ.199,TXN.004,required,seed_review
DDQ.199,TXN.005,required,seed_review
DDQ.199,TXN.006,required,seed_review
DDQ.199,TXN.007,required,seed_review
DDQ.199,LEGAL.019,required,seed_review
DDQ.199,LEGAL.020,required,seed_review
DDQ.199,LEGAL.023,required,seed_review
DDQ.199,LEGAL.024,required,seed_review
DDQ.199,LEGAL.025,required,seed_review
DDQ.200,TXN.024,required,seed_review
DDQ.200,TXN.025,required,seed_review
DDQ.200,FIN.103,required,seed_review
DDQ.200,FIN.104,required,seed_review
DDQ.201,CORP.001,required,v1.1_review
DDQ.201,CORP.002,required,v1.1_review
DDQ.201,CORP.003,required,v1.1_review
DDQ.201,CORP.004,required,v1.1_review
DDQ.201,CORP.007,required,v1.1_review
DDQ.201,CORP.008,required,v1.1_review
DDQ.201,CORP.009,required,v1.1_review
DDQ.201,CORP.010,required,v1.1_review
DDQ.202,CORP.005,required,v1.1_review
DDQ.202,CORP.006,required,v1.1_review
DDQ.202,CORP.011,required,v1.1_review
DDQ.203,CORP.012,required,v1.1_review
DDQ.203,CORP.013,required,v1.1_review
DDQ.203,CORP.014,required,v1.1_review
DDQ.203,CORP.015,required,v1.1_review
DDQ.204,CORP.016,required,v1.1_review
DDQ.204,CORP.017,required,v1.1_review
DDQ.204,CORP.018,required,v1.1_review
DDQ.204,CORP.019,required,v1.1_review
DDQ.204,CORP.020,required,v1.1_review
DDQ.205,CORP.031,required,v1.1_review
DDQ.205,CORP.032,required,v1.1_review
DDQ.205,CORP.033,required,v1.1_review
DDQ.205,CORP.034,required,v1.1_review
DDQ.205,CORP.035,required,v1.1_review
DDQ.206,CORP.041,required,v1.1_review
DDQ.206,CORP.042,required,v1.1_review
DDQ.206,CORP.043,required,v1.1_review
DDQ.207,FIN.003,required,v1.1_review
DDQ.207,FIN.004,required,v1.1_review
DDQ.207,FIN.005,required,v1.1_review
DDQ.207,FIN.013,required,v1.1_review
DDQ.208,FIN.014,required,v1.1_review
DDQ.208,FIN.015,required,v1.1_review
DDQ.208,FIN.016,required,v1.1_review
DDQ.208,FIN.017,required,v1.1_review
DDQ.209,FIN.022,required,v1.1_review
DDQ.209,FIN.024,required,v1.1_review
DDQ.209,FIN.025,required,v1.1_review
DDQ.209,FIN.026,required,v1.1_review
DDQ.209,FIN.031,required,v1.1_review
DDQ.209,FIN.032,required,v1.1_review
DDQ.210,FIN.027,required,v1.1_review
DDQ.210,FIN.028,required,v1.1_review
DDQ.210,FIN.029,required,v1.1_review
DDQ.211,FIN.040,required,v1.1_review
DDQ.211,FIN.042,required,v1.1_review
DDQ.211,FIN.043,required,v1.1_review
DDQ.211,FIN.044,required,v1.1_review
DDQ.212,FIN.045,required,v1.1_review
DDQ.212,FIN.046,required,v1.1_review
DDQ.212,FIN.047,required,v1.1_review
DDQ.212,FIN.050,required,v1.1_review
DDQ.212,FIN.053,required,v1.1_review
DDQ.212,FIN.054,required,v1.1_review
DDQ.213,FIN.058,required,v1.1_review
DDQ.213,FIN.059,required,v1.1_review
DDQ.213,FIN.085,required,v1.1_review
DDQ.213,FIN.086,required,v1.1_review
DDQ.213,FIN.087,required,v1.1_review
DDQ.213,FIN.088,required,v1.1_review
DDQ.213,FIN.089,required,v1.1_review
DDQ.214,FIN.064,required,v1.1_review
DDQ.214,FIN.068,required,v1.1_review
DDQ.215,FIN.075,required,v1.1_review
DDQ.215,FIN.076,required,v1.1_review
DDQ.215,FIN.077,required,v1.1_review
DDQ.215,FIN.078,required,v1.1_review
DDQ.215,FIN.079,required,v1.1_review
DDQ.215,FIN.081,required,v1.1_review
DDQ.216,FIN.090,required,v1.1_review
DDQ.216,FIN.091,required,v1.1_review
DDQ.216,FIN.092,required,v1.1_review
DDQ.216,FIN.093,required,v1.1_review
DDQ.216,FIN.094,required,v1.1_review
DDQ.217,MGMT.001,required,v1.1_review
DDQ.217,MGMT.002,required,v1.1_review
DDQ.217,MGMT.003,required,v1.1_review
DDQ.217,MGMT.004,required,v1.1_review
DDQ.217,MGMT.005,required,v1.1_review
DDQ.217,MGMT.006,required,v1.1_review
DDQ.217,MGMT.007,required,v1.1_review
DDQ.217,MGMT.008,required,v1.1_review
DDQ.217,MGMT.009,required,v1.1_review
DDQ.218,MGMT.014,required,v1.1_review
DDQ.218,MGMT.015,required,v1.1_review
DDQ.218,MGMT.016,required,v1.1_review
DDQ.218,MGMT.017,required,v1.1_review
DDQ.218,MGMT.018,required,v1.1_review
DDQ.219,MGMT.022,required,v1.1_review
DDQ.219,MGMT.025,required,v1.1_review
DDQ.219,MGMT.026,required,v1.1_review
DDQ.219,MGMT.027,required,v1.1_review
DDQ.219,MGMT.028,required,v1.1_review
DDQ.219,MGMT.029,required,v1.1_review
DDQ.219,MGMT.030,required,v1.1_review
DDQ.220,MGMT.031,required,v1.1_review
DDQ.220,MGMT.032,required,v1.1_review
DDQ.220,MGMT.036,required,v1.1_review
DDQ.220,MGMT.039,required,v1.1_review
DDQ.220,MGMT.040,required,v1.1_review
DDQ.220,MGMT.041,required,v1.1_review
DDQ.221,TECH.004,required,v1.1_review
DDQ.221,TECH.005,required,v1.1_review
DDQ.221,TECH.009,required,v1.1_review
DDQ.221,TECH.010,required,v1.1_review
DDQ.222,TECH.012,required,v1.1_review
DDQ.222,TECH.013,required,v1.1_review
DDQ.222,TECH.015,required,v1.1_review
DDQ.222,TECH.016,required,v1.1_review
DDQ.222,TECH.017,required,v1.1_review
DDQ.222,TECH.019,required,v1.1_review
DDQ.222,TECH.020,required,v1.1_review
DDQ.223,TECH.028,required,v1.1_review
DDQ.223,TECH.029,required,v1.1_review
DDQ.223,TECH.030,required,v1.1_review
DDQ.224,ESG.001,required,v1.1_review
DDQ.224,ESG.002,required,v1.1_review
DDQ.224,ESG.003,required,v1.1_review
DDQ.224,ESG.004,required,v1.1_review
DDQ.224,ESG.005,required,v1.1_review
DDQ.224,ESG.006,required,v1.1_review
DDQ.224,ESG.007,required,v1.1_review
DDQ.224,ESG.008,required,v1.1_review
DDQ.225,ESG.009,required,v1.1_review
DDQ.225,ESG.010,required,v1.1_review
DDQ.226,ESG.016,required,v1.1_review
DDQ.226,ESG.017,required,v1.1_review
DDQ.226,ESG.019,required,v1.1_review
DDQ.227,PROD.002,required,v1.1_review
DDQ.227,PROD.003,required,v1.1_review
DDQ.227,PROD.004,required,v1.1_review
DDQ.227,PROD.008,required,v1.1_review
DDQ.227,PROD.009,required,v1.1_review
DDQ.227,PROD.016,required,v1.1_review
DDQ.228,PROD.017,required,v1.1_review
DDQ.228,PROD.018,required,v1.1_review
DDQ.228,PROD.019,required,v1.1_review
DDQ.229,PROD.022,required,v1.1_review
DDQ.229,PROD.027,required,v1.1_review
DDQ.229,PROD.028,required,v1.1_review
DDQ.230,PROD.032,required,v1.1_review
DDQ.230,PROD.033,required,v1.1_review
DDQ.230,PROD.041,required,v1.1_review
DDQ.230,PROD.044,required,v1.1_review
DDQ.231,PROD.034,required,v1.1_review
DDQ.231,PROD.035,required,v1.1_review
DDQ.231,PROD.037,required,v1.1_review
DDQ.231,PROD.038,required,v1.1_review
DDQ.231,PROD.039,required,v1.1_review
DDQ.231,PROD.040,required,v1.1_review
DDQ.232,CUST.002,required,v1.1_review
DDQ.232,CUST.003,required,v1.1_review
DDQ.232,CUST.004,required,v1.1_review
DDQ.232,CUST.006,required,v1.1_review
DDQ.232,CUST.010,required,v1.1_review
DDQ.233,CUST.016,required,v1.1_review
DDQ.233,CUST.017,required,v1.1_review
DDQ.233,CUST.018,required,v1.1_review
DDQ.233,CUST.019,required,v1.1_review
DDQ.233,CUST.020,required,v1.1_review
DDQ.233,CUST.021,required,v1.1_review
DDQ.233,CUST.022,required,v1.1_review
DDQ.233,CUST.023,required,v1.1_review
DDQ.233,CUST.024,required,v1.1_review
DDQ.234,CUST.025,required,v1.1_review
DDQ.234,CUST.026,required,v1.1_review
DDQ.234,CUST.027,required,v1.1_review
DDQ.235,CUST.028,required,v1.1_review
DDQ.235,CUST.031,required,v1.1_review
DDQ.235,CUST.032,required,v1.1_review
DDQ.235,CUST.033,required,v1.1_review
DDQ.236,CUST.035,required,v1.1_review
DDQ.236,CUST.036,required,v1.1_review
DDQ.236,CUST.037,required,v1.1_review
DDQ.236,CUST.038,required,v1.1_review
DDQ.236,CUST.039,required,v1.1_review
DDQ.236,CUST.040,required,v1.1_review
DDQ.237,CUST.041,required,v1.1_review
DDQ.237,CUST.042,required,v1.1_review
DDQ.237,CUST.043,required,v1.1_review
DDQ.237,CUST.044,required,v1.1_review
DDQ.237,CUST.045,required,v1.1_review
DDQ.237,CUST.046,required,v1.1_review
DDQ.238,CUST.047,required,v1.1_review
DDQ.238,CUST.048,required,v1.1_review
DDQ.238,CUST.049,required,v1.1_review
DDQ.238,CUST.050,required,v1.1_review
DDQ.239,CUST.051,required,v1.1_review
DDQ.239,CUST.052,required,v1.1_review
DDQ.239,CUST.053,required,v1.1_review
DDQ.239,CUST.054,required,v1.1_review
DDQ.239,CUST.055,required,v1.1_review
DDQ.240,CUST.056,required,v1.1_review
DDQ.240,CUST.057,required,v1.1_review
DDQ.240,CUST.058,required,v1.1_review
DDQ.240,CUST.059,required,v1.1_review
DDQ.240,CUST.060,required,v1.1_review
DDQ.240,CUST.061,required,v1.1_review
DDQ.241,SUPP.002,required,v1.1_review
DDQ.241,SUPP.005,required,v1.1_review
DDQ.241,SUPP.007,required,v1.1_review
DDQ.241,SUPP.009,required,v1.1_review
DDQ.242,SUPP.011,required,v1.1_review
DDQ.242,SUPP.012,required,v1.1_review
DDQ.242,SUPP.013,required,v1.1_review
DDQ.242,SUPP.014,required,v1.1_review
DDQ.242,SUPP.015,required,v1.1_review
DDQ.242,SUPP.016,required,v1.1_review
DDQ.242,SUPP.019,required,v1.1_review
DDQ.242,SUPP.020,required,v1.1_review
DDQ.243,SUPP.022,required,v1.1_review
DDQ.243,SUPP.023,required,v1.1_review
DDQ.243,SUPP.024,required,v1.1_review
DDQ.244,BMOD.001,required,v1.1_review
DDQ.244,BMOD.003,required,v1.1_review
DDQ.244,BMOD.004,required,v1.1_review
DDQ.244,BMOD.010,required,v1.1_review
DDQ.244,BMOD.011,required,v1.1_review
DDQ.244,BMOD.012,required,v1.1_review
DDQ.244,BMOD.013,required,v1.1_review
DDQ.244,BMOD.014,required,v1.1_review
DDQ.244,BMOD.015,required,v1.1_review
DDQ.245,BMOD.016,required,v1.1_review
DDQ.245,BMOD.017,required,v1.1_review
DDQ.245,BMOD.018,required,v1.1_review
DDQ.245,BMOD.019,required,v1.1_review
DDQ.245,BMOD.020,required,v1.1_review
DDQ.246,BMOD.027,required,v1.1_review
DDQ.246,BMOD.028,required,v1.1_review
DDQ.246,BMOD.029,required,v1.1_review
DDQ.246,BMOD.030,required,v1.1_review
DDQ.247,TXN.011,required,v1.1_review
DDQ.247,TXN.012,required,v1.1_review
DDQ.247,TXN.013,required,v1.1_review
DDQ.247,TXN.014,required,v1.1_review
DDQ.247,TXN.015,required,v1.1_review
DDQ.247,TXN.016,required,v1.1_review
DDQ.248,TXN.022,required,v1.1_review
DDQ.249,LEGAL.014,required,v1.1_review
DDQ.249,LEGAL.015,required,v1.1_review
DDQ.249,LEGAL.026,required,v1.1_review
DDQ.250,LEGAL.027,required,v1.1_review
DDQ.250,LEGAL.029,required,v1.1_review
DDQ.250,LEGAL.030,required,v1.1_review
DDQ.251,LEGAL.031,required,v1.1_review
DDQ.251,LEGAL.032,required,v1.1_review
DDQ.251,LEGAL.033,required,v1.1_review
DDQ.252,MKT.002,required,v1.1_review
DDQ.252,MKT.003,required,v1.1_review
DDQ.252,MKT.007,required,v1.1_review
DDQ.252,MKT.008,required,v1.1_review
DDQ.253,MKT.009,required,v1.1_review
DDQ.253,MKT.010,required,v1.1_review
DDQ.254,MKT.012,required,v1.1_review
DDQ.254,MKT.013,required,v1.1_review
DDQ.254,MKT.014,required,v1.1_review
DDQ.254,MKT.015,required,v1.1_review
DDQ.254,MKT.016,required,v1.1_review
DDQ.254,MKT.019,required,v1.1_review
DDQ.254,MKT.020,required,v1.1_review
DDQ.255,MKT.021,required,v1.1_review
DDQ.255,MKT.022,required,v1.1_review
DDQ.255,MKT.023,required,v1.1_review
DDQ.255,MKT.024,required,v1.1_review
DDQ.255,MKT.025,required,v1.1_review
DDQ.255,MKT.026,required,v1.1_review
DDQ.255,MKT.027,required,v1.1_review
DDQ.256,MKT.029,required,v1.1_review
DDQ.256,MKT.030,required,v1.1_review
DDQ.256,MKT.032,required,v1.1_review
DDQ.256,MKT.033,required,v1.1_review
DDQ.256,MKT.034,required,v1.1_review
DDQ.256,MKT.035,required,v1.1_review
DDQ.256,MKT.037,required,v1.1_review
DDQ.257,MKT.038,required,v1.1_review
DDQ.257,MKT.039,required,v1.1_review
DDQ.257,MKT.040,required,v1.1_review
DDQ.051,IP.001,required,ip_extension
DDQ.051,IP.002,required,ip_extension
DDQ.051,IP.003,required,ip_extension
DDQ.051,IP.004,required,ip_extension
DDQ.052,IP.005,required,ip_extension
DDQ.052,IP.006,required,ip_extension
DDQ.052,IP.007,required,ip_extension
DDQ.053,IP.005,required,ip_extension
DDQ.053,IP.007,required,ip_extension
DDQ.054,IP.008,required,ip_extension
DDQ.054,IP.007,required,ip_extension
DDQ.055,IP.001,required,ip_extension
DDQ.055,IP.002,required,ip_extension
DDQ.055,IP.003,required,ip_extension
DDQ.056,IP.007,required,ip_extension
DDQ.191,IP.007,required,ip_extension
DDQ.191,IP.001,required,ip_extension
DDQ.191,IP.003,required,ip_extension
DDQ.053,IP.009,required,naming_gap_fix
DDQ.052,IP.009,required,naming_gap_fix
DDQ.197,TXN.027,required,naming_gap_fix
DDQ.022,TXN.027,required,naming_gap_fix
DDQ.126,TXN.027,required,naming_gap_fix
DDQ.169,TXN.027,required,naming_gap_fix
DDQ.172,TXN.027,required,naming_gap_fix
DDQ.158,TXN.027,required,naming_gap_fix
DDQ.198,TXN.027,required,naming_gap_fix
DDQ.009,TXN.027,required,naming_gap_fix
DDQ.171,TXN.027,required,naming_gap_fix
DDQ.138,TXN.027,required,naming_gap_fix
DDQ.134,TXN.027,required,naming_gap_fix
DDQ.060,TXN.027,required,naming_gap_fix
DDQ.147,TXN.027,required,naming_gap_fix
DDQ.199,TXN.027,required,naming_gap_fix
DDQ.174,TXN.027,required,naming_gap_fix
DDQ.185,TXN.027,required,naming_gap_fix
DDQ.156,TXN.027,required,naming_gap_fix
DDQ.005,TXN.027,required,naming_gap_fix
DDQ.173,TXN.027,required,naming_gap_fix
DDQ.170,TXN.027,required,naming_gap_fix
DDQ.106,TXN.027,required,naming_gap_fix
DDQ.200,TXN.027,required,naming_gap_fix
DDQ.004,CORP.012,,
DDQ.004,TXN.006,,
DDQ.008,CORP.005,,
DDQ.008,CORP.006,,
DDQ.010,LEGAL.011,,
DDQ.010,LEGAL.013,,
DDQ.016,CORP.018,,
DDQ.016,MGMT.021,,
DDQ.018,CORP.018,,
DDQ.018,MGMT.021,,
DDQ.019,LEGAL.027,,
DDQ.019,ESG.018,,
DDQ.021,CORP.018,,
DDQ.021,TXN.007,,
DDQ.034,LEGAL.030,,
DDQ.034,FIN.038,,
DDQ.038,LEGAL.014,,
DDQ.038,LEGAL.015,,
DDQ.039,LEGAL.011,,
DDQ.039,LEGAL.013,,
DDQ.048,ESG.010,,
DDQ.048,ESG.013,,
DDQ.063,CORP.031,,
DDQ.063,CORP.032,,
DDQ.064,CORP.005,,
DDQ.064,CORP.006,,
DDQ.065,CORP.007,,
DDQ.065,CORP.008,,
DDQ.067,CORP.007,,
DDQ.067,CORP.008,,
DDQ.068,LEGAL.011,,
DDQ.068,TXN.004,,
DDQ.070,ESG.018,,
DDQ.070,MGMT.021,,
DDQ.071,LEGAL.014,,
DDQ.071,MGMT.021,,
DDQ.074,TXN.004,,
DDQ.074,TXN.006,,
DDQ.076,LEGAL.011,,
DDQ.076,LEGAL.030,,
DDQ.077,LEGAL.011,,
DDQ.077,LEGAL.030,,
DDQ.079,LEGAL.013,,
DDQ.079,ESG.026,,
DDQ.081,LEGAL.011,,
DDQ.081,LEGAL.013,,
DDQ.099,LEGAL.027,,
DDQ.099,FIN.098,,
DDQ.100,CUST.027,,
DDQ.100,FIN.051,,
DDQ.103,DATA.001,,
DDQ.103,DATA.002,,
DDQ.105,FIN.030,,
DDQ.105,FIN.098,,
DDQ.127,FIN.055,,
DDQ.127,FIN.077,,
DDQ.135,FIN.064,,
DDQ.135,FIN.072,,
DDQ.140,LEGAL.024,,
DDQ.140,FIN.065,,
DDQ.141,FIN.080,,
DDQ.141,FIN.101,,
DDQ.142,FIN.080,,
DDQ.142,TXN.004,,
DDQ.155,CORP.018,,
DDQ.155,FIN.098,,
DDQ.160,CORP.018,,
DDQ.160,LEGAL.011,,
DDQ.177,DATA.001,,
DDQ.177,DATA.002,,
DDQ.178,DATA.001,,
DDQ.178,LEGAL.013,,
