fact_id,subject_id,predicate,object_id,value,evidence_ref,confidence
FACT.CORP.001,CORP.013,has_threshold,30%,0.30,legal_dd_report,0.95
FACT.CORP.002,CORP.015,has_threshold,50%,0.50,legal_dd_report,0.95
FACT.CORP.003,CORP.019,has_threshold,70%,0.70,legal_dd_report,0.90
FACT.CORP.004,CORP.037,has_threshold,20%,0.20,financial_dd_report,0.90
FACT.CORP.005,CORP.040,has_threshold,10%,0.10,financial_dd_report,0.85
FACT.MGMT.001,MGMT.013,has_threshold,25%,0.25,hr_report,0.90
FACT.MGMT.002,MGMT.019,has_threshold,15%,0.15,hr_report,0.85
FACT.MGMT.003,MGMT.023,has_threshold,20%,0.20,hr_report,0.88
FACT.MGMT.004,MGMT.036,has_threshold,10%,0.10,hr_report,0.85
FACT.MGMT.005,MGMT.041,has_threshold,20%,0.20,hr_report,0.87
FACT.BMOD.001,BMOD.009,has_threshold,60%,0.60,business_plan,0.85
FACT.BMOD.002,BMOD.023,has_threshold,40%,0.40,business_plan,0.80
FACT.BMOD.003,BMOD.028,has_threshold,3.0,3.0,financial_model,0.85
FACT.BMOD.004,BMOD.035,has_threshold,15%,0.15,financial_model,0.80
FACT.CUST.001,CUST.003,has_threshold,30%,0.30,sales_report,0.95
FACT.CUST.002,CUST.005,has_threshold,60%,0.60,sales_report,0.95
FACT.CUST.003,CUST.012,has_threshold,20%,0.20,sales_report,0.90
FACT.CUST.004,CUST.016,has_threshold,15%,0.15,sales_report,0.85
FACT.CUST.005,CUST.025,has_threshold,25%,0.25,sales_report,0.88
FACT.PROD.001,PROD.008,has_threshold,5%,0.05,production_report,0.90
FACT.PROD.002,PROD.015,has_threshold,85%,0.85,production_report,0.88
FACT.PROD.003,PROD.023,has_threshold,90%,0.90,quality_report,0.92
FACT.PROD.004,PROD.031,has_threshold,95%,0.95,quality_report,0.93
FACT.PROD.005,PROD.044,has_threshold,2%,0.02,quality_report,0.90
FACT.SUPP.001,SUPP.003,has_threshold,40%,0.40,procurement_report,0.90
FACT.SUPP.002,SUPP.008,has_threshold,3.0,3.0,procurement_report,0.85
FACT.SUPP.003,SUPP.015,has_threshold,60%,0.60,procurement_report,0.88
FACT.SUPP.004,SUPP.023,has_threshold,90%,0.90,procurement_report,0.87
FACT.TECH.001,TECH.008,has_threshold,5,5,ip_report,0.90
FACT.TECH.002,TECH.015,has_threshold,80%,0.80,rd_report,0.85
FACT.TECH.003,TECH.023,has_threshold,10%,0.10,rd_report,0.88
FACT.TECH.004,TECH.031,has_threshold,15%,0.15,rd_report,0.85
FACT.MKT.001,MKT.008,has_threshold,3,3,market_report,0.85
FACT.MKT.002,MKT.015,has_threshold,25%,0.25,market_report,0.80
FACT.MKT.003,MKT.023,has_threshold,40%,0.40,market_report,0.82
FACT.MKT.004,MKT.031,has_threshold,15%,0.15,market_report,0.80
FACT.FIN.001,FIN.008,has_threshold,20%,0.20,financial_report,0.95
FACT.FIN.002,FIN.015,has_threshold,3.0,3.0,financial_report,0.93
FACT.FIN.003,FIN.023,has_threshold,45%,0.45,financial_report,0.90
FACT.FIN.004,FIN.031,has_threshold,60%,0.60,financial_report,0.92
FACT.FIN.005,FIN.038,has_threshold,90%,0.90,financial_report,0.93
FACT.FIN.006,FIN.045,has_threshold,30%,0.30,financial_report,0.88
FACT.FIN.007,FIN.052,has_threshold,6.0,6.0,financial_report,0.90
FACT.FIN.008,FIN.060,has_threshold,4.0,4.0,financial_report,0.92
FACT.FIN.009,FIN.067,has_threshold,3.0,3.0,financial_report,0.90
FACT.FIN.010,FIN.074,has_threshold,45%,0.45,financial_report,0.88
FACT.FIN.011,FIN.081,has_threshold,60%,0.60,financial_report,0.87
FACT.FIN.012,FIN.088,has_threshold,90%,0.90,financial_report,0.92
FACT.FIN.013,FIN.095,has_threshold,-5.0,-5.0,financial_report,0.85
FACT.FIN.014,FIN.102,has_threshold,120%,1.20,financial_report,0.88
FACT.LEGAL.001,LEGAL.008,has_threshold,5,5,legal_report,0.90
FACT.LEGAL.002,LEGAL.015,has_threshold,3,3,legal_report,0.85
FACT.LEGAL.003,LEGAL.023,has_threshold,10%,0.10,legal_report,0.88
FACT.LEGAL.004,LEGAL.031,has_threshold,95%,0.95,compliance_report,0.92
FACT.LEGAL.005,LEGAL.039,has_threshold,60,60,compliance_report,0.87
FACT.DATA.001,DATA.002,has_threshold,70%,0.70,data_audit,0.90
FACT.DATA.002,DATA.003,has_threshold,85%,0.85,data_audit,0.92
FACT.DATA.003,DATA.005,has_threshold,90%,0.90,data_audit,0.88
FACT.DATA.004,DATA.007,has_threshold,95%,0.95,data_audit,0.90
FACT.DATA.005,DATA.008,has_threshold,100%,1.0,data_audit,0.95
FACT.RR.001,RR.CUST.016.001,triggers_rule,RISK.004,,risk_engine,0.95
FACT.RR.002,RR.CUST.018.001,triggers_rule,RISK.004,,risk_engine,0.95
FACT.RR.003,RR.FIN.060.001,triggers_rule,RISK.009,,risk_engine,0.95
FACT.RR.004,RR.FIN.060.002,triggers_rule,RISK.009,,risk_engine,0.95
FACT.RR.005,RR.FIN.055.001,triggers_rule,RISK.009,,risk_engine,0.93
FACT.RR.006,RR.MGMT.011.001,triggers_rule,RISK.008,,risk_engine,0.90
FACT.RR.007,RR.DATA.001.001,triggers_rule,RISK.021,,risk_engine,0.92
FACT.RR.008,RR.DATA.002.001,triggers_rule,RISK.021,,risk_engine,0.92
FACT.RR.009,RR.DATA.008.001,triggers_rule,RISK.021,,risk_engine,0.95
FACT.RR.010,RR.LOGI.002.001,triggers_rule,RISK.022,,risk_engine,0.88
FACT.RR.011,RR.LOGI.005.001,triggers_rule,RISK.022,,risk_engine,0.87
FACT.RR.012,RR.MGMT.041.001,triggers_rule,RISK.008,,risk_engine,0.88
FACT.RR.013,RR.LEGAL.039.001,triggers_rule,RISK.011,,risk_engine,0.87
FACT.RR.014,RR.PROD.050.001,triggers_rule,RISK.005,,risk_engine,0.90
FACT.RR.015,RR.PROD.051.001,triggers_rule,RISK.005,,risk_engine,0.88
FACT.RR.016,RR.CUST.061.001,triggers_rule,RISK.004,,risk_engine,0.85
FACT.RR.017,RR.MKT.042.001,triggers_rule,RISK.011,,risk_engine,0.82
FACT.RR.018,RR.TREND.001,triggers_rule,RISK.003,,risk_engine,0.90
FACT.RR.019,RR.TREND.002,triggers_rule,RISK.009,,risk_engine,0.92
FACT.RR.020,RR.TREND.003,triggers_rule,RISK.004,,risk_engine,0.88
FACT.RR.021,RR.TREND.004,triggers_rule,RISK.009,,risk_engine,0.90
FACT.RR.022,RR.TREND.005,triggers_rule,RISK.008,,risk_engine,0.85
FACT.RR.023,RR.TREND.006,triggers_rule,RISK.010,,risk_engine,0.85
FACT.RR.024,RR.COMP.CUST.001,triggers_rule,RISK.004,,risk_engine,0.95
FACT.RR.025,RR.COMP.FIN.003,triggers_rule,RISK.009,,risk_engine,0.95
FACT.RR.026,RR.COMP.SUPP.002,triggers_rule,RISK.010,,risk_engine,0.90
FACT.RR.027,RR.COMP.MGMT.004,triggers_rule,RISK.008,,risk_engine,0.88
FACT.RR.028,RR.COMP.PROD.005,triggers_rule,RISK.005,,risk_engine,0.90
FACT.RR.029,RR.COMP.TXN.006,triggers_rule,RISK.015,,risk_engine,0.92
FACT.RR.030,RR.COMP.DATA.001,triggers_rule,RISK.021,,risk_engine,0.95
FACT.RR.031,RR.COMP.LOGI.001,triggers_rule,RISK.022,,risk_engine,0.90
FACT.RR.032,RR.CROSS.003,triggers_rule,RISK.009,,risk_engine,0.95
FACT.RR.033,RR.CROSS.006,triggers_rule,RISK.008,,risk_engine,0.88
FACT.RR.034,RR.CROSS.007,triggers_rule,RISK.009,,risk_engine,0.92
FACT.RR.035,RR.CROSS.008,triggers_rule,RISK.010,,risk_engine,0.90
FACT.RR.036,RR.CROSS.009,triggers_rule,RISK.006,,risk_engine,0.88
FACT.RR.037,RR.CROSS.010,triggers_rule,RISK.011,,risk_engine,0.95
FACT.RR.038,RR.CROSS.011,triggers_rule,RISK.022,,risk_engine,0.90
