ddq_id,minimum_evidence_requirement,evidence_level
DDQ.001,工商登记/股权结构表；章程；股东协议/一致行动协议；历次融资协议；银行/付款凭证,minimum
DDQ.002,工商登记/股权结构表；章程；股东协议/一致行动协议；历次融资协议；银行/付款凭证,minimum
DDQ.003,工商登记/股权结构表；章程；股东协议/一致行动协议；历次融资协议；银行/付款凭证,minimum
DDQ.004,工商登记/股权结构表；章程；股东协议/一致行动协议；历次融资协议；银行/付款凭证,minimum
DDQ.005,工商登记/股权结构表；章程；股东协议/一致行动协议；历次融资协议；银行/付款凭证,minimum
DDQ.006,工商登记/股权结构表；章程；股东协议/一致行动协议；历次融资协议；银行/付款凭证,minimum
DDQ.007,工商登记/股权结构表；章程；股东协议/一致行动协议；历次融资协议；银行/付款凭证,minimum
DDQ.008,工商登记/股权结构表；章程；股东协议/一致行动协议；历次融资协议；银行/付款凭证,minimum
DDQ.009,工商登记/股权结构表；章程；股东协议/一致行动协议；历次融资协议；银行/付款凭证,minimum
DDQ.010,工商登记/股权结构表；章程；股东协议/一致行动协议；历次融资协议；银行/付款凭证,minimum
DDQ.011,工商登记/股权结构表；章程；股东协议/一致行动协议；历次融资协议；银行/付款凭证,minimum
DDQ.012,工商登记/股权结构表；章程；股东协议/一致行动协议；历次融资协议；银行/付款凭证,minimum
DDQ.013,工商登记/股权结构表；章程；股东协议/一致行动协议；历次融资协议；银行/付款凭证,minimum
DDQ.014,工商登记/股权结构表；章程；股东协议/一致行动协议；历次融资协议；银行/付款凭证,minimum
DDQ.015,工商登记/股权结构表；章程；股东协议/一致行动协议；历次融资协议；银行/付款凭证,minimum
DDQ.016,工商登记/股权结构表；章程；股东协议/一致行动协议；历次融资协议；银行/付款凭证,minimum
DDQ.017,工商登记/股权结构表；章程；股东协议/一致行动协议；历次融资协议；银行/付款凭证,minimum
DDQ.018,工商登记/股权结构表；章程；股东协议/一致行动协议；历次融资协议；银行/付款凭证,minimum
DDQ.019,工商登记/股权结构表；章程；股东协议/一致行动协议；历次融资协议；银行/付款凭证,minimum
DDQ.020,工商登记/股权结构表；章程；股东协议/一致行动协议；历次融资协议；银行/付款凭证,minimum
DDQ.021,工商登记/股权结构表；章程；股东协议/一致行动协议；历次融资协议；银行/付款凭证,minimum
DDQ.022,工商登记/股权结构表；章程；股东协议/一致行动协议；历次融资协议；银行/付款凭证,minimum
DDQ.023,关联方清单；交易合同；销售/采购明细；定价依据；董事会/股东会决议；审计报告附注,minimum
DDQ.024,关联方清单；交易合同；销售/采购明细；定价依据；董事会/股东会决议；审计报告附注,minimum
DDQ.025,关联方清单；交易合同；销售/采购明细；定价依据；董事会/股东会决议；审计报告附注,minimum
DDQ.026,关联方清单；交易合同；销售/采购明细；定价依据；董事会/股东会决议；审计报告附注,minimum
DDQ.027,关联方清单；交易合同；销售/采购明细；定价依据；董事会/股东会决议；审计报告附注,minimum
DDQ.028,关联方清单；交易合同；销售/采购明细；定价依据；董事会/股东会决议；审计报告附注,minimum
DDQ.029,关联方清单；交易合同；销售/采购明细；定价依据；董事会/股东会决议；审计报告附注,minimum
DDQ.030,关联方清单；交易合同；销售/采购明细；定价依据；董事会/股东会决议；审计报告附注,minimum
DDQ.031,关联方清单；交易合同；销售/采购明细；定价依据；董事会/股东会决议；审计报告附注,minimum
DDQ.032,客户明细；销售合同；订单；出货/验收单；发票；回款流水；应收账龄,minimum
DDQ.033,客户明细；销售合同；订单；出货/验收单；发票；回款流水；应收账龄,minimum
DDQ.034,客户明细；销售合同；订单；出货/验收单；发票；回款流水；应收账龄,minimum
DDQ.035,客户明细；销售合同；订单；出货/验收单；发票；回款流水；应收账龄,minimum
DDQ.036,备案/环评/能评/消防/安评/排污许可；验收文件；处罚记录；第三方合规报告,minimum
DDQ.037,备案/环评/能评/消防/安评/排污许可；验收文件；处罚记录；第三方合规报告,minimum
DDQ.038,备案/环评/能评/消防/安评/排污许可；验收文件；处罚记录；第三方合规报告,minimum
DDQ.039,备案/环评/能评/消防/安评/排污许可；验收文件；处罚记录；第三方合规报告,minimum
DDQ.040,备案/环评/能评/消防/安评/排污许可；验收文件；处罚记录；第三方合规报告,minimum
DDQ.041,备案/环评/能评/消防/安评/排污许可；验收文件；处罚记录；第三方合规报告,minimum
DDQ.042,备案/环评/能评/消防/安评/排污许可；验收文件；处罚记录；第三方合规报告,minimum
DDQ.043,备案/环评/能评/消防/安评/排污许可；验收文件；处罚记录；第三方合规报告,minimum
DDQ.044,备案/环评/能评/消防/安评/排污许可；验收文件；处罚记录；第三方合规报告,minimum
DDQ.045,备案/环评/能评/消防/安评/排污许可；验收文件；处罚记录；第三方合规报告,minimum
DDQ.046,备案/环评/能评/消防/安评/排污许可；验收文件；处罚记录；第三方合规报告,minimum
DDQ.047,备案/环评/能评/消防/安评/排污许可；验收文件；处罚记录；第三方合规报告,minimum
DDQ.048,备案/环评/能评/消防/安评/排污许可；验收文件；处罚记录；第三方合规报告,minimum
DDQ.049,备案/环评/能评/消防/安评/排污许可；验收文件；处罚记录；第三方合规报告,minimum
DDQ.050,备案/环评/能评/消防/安评/排污许可；验收文件；处罚记录；第三方合规报告,minimum
DDQ.051,专利/商标/软件著作权清单；权属证明；许可协议；研发协议；FTO/争议材料,minimum
DDQ.052,专利/商标/软件著作权清单；权属证明；许可协议；研发协议；FTO/争议材料,minimum
DDQ.053,专利/商标/软件著作权清单；权属证明；许可协议；研发协议；FTO/争议材料,minimum
DDQ.054,专利/商标/软件著作权清单；权属证明；许可协议；研发协议；FTO/争议材料,minimum
DDQ.055,专利/商标/软件著作权清单；权属证明；许可协议；研发协议；FTO/争议材料,minimum
DDQ.056,专利/商标/软件著作权清单；权属证明；许可协议；研发协议；FTO/争议材料,minimum
DDQ.057,重大合同台账；合同原件；变更控制条款；担保/抵押文件；贷款协议,minimum
DDQ.058,重大合同台账；合同原件；变更控制条款；担保/抵押文件；贷款协议,minimum
DDQ.059,重大合同台账；合同原件；变更控制条款；担保/抵押文件；贷款协议,minimum
DDQ.060,重大合同台账；合同原件；变更控制条款；担保/抵押文件；贷款协议,minimum
DDQ.061,重大合同台账；合同原件；变更控制条款；担保/抵押文件；贷款协议,minimum
DDQ.062,原始材料；专业尽调报告；合同/台账；公开信息；管理层书面确认,minimum
DDQ.063,原始材料；专业尽调报告；合同/台账；公开信息；管理层书面确认,minimum
DDQ.064,原始材料；专业尽调报告；合同/台账；公开信息；管理层书面确认,minimum
DDQ.065,原始材料；专业尽调报告；合同/台账；公开信息；管理层书面确认,minimum
DDQ.066,原始材料；专业尽调报告；合同/台账；公开信息；管理层书面确认,minimum
DDQ.067,原始材料；专业尽调报告；合同/台账；公开信息；管理层书面确认,minimum
DDQ.068,原始材料；专业尽调报告；合同/台账；公开信息；管理层书面确认,minimum
DDQ.069,原始材料；专业尽调报告；合同/台账；公开信息；管理层书面确认,minimum
DDQ.070,员工花名册；劳动合同；社保/公积金记录；核心人员协议；劳动争议记录,minimum
DDQ.071,员工花名册；劳动合同；社保/公积金记录；核心人员协议；劳动争议记录,minimum
DDQ.072,员工花名册；劳动合同；社保/公积金记录；核心人员协议；劳动争议记录,minimum
DDQ.073,员工花名册；劳动合同；社保/公积金记录；核心人员协议；劳动争议记录,minimum
DDQ.074,原始材料；专业尽调报告；合同/台账；公开信息；管理层书面确认,minimum
DDQ.075,原始材料；专业尽调报告；合同/台账；公开信息；管理层书面确认,minimum
DDQ.076,原始材料；专业尽调报告；合同/台账；公开信息；管理层书面确认,minimum
DDQ.077,原始材料；专业尽调报告；合同/台账；公开信息；管理层书面确认,minimum
DDQ.078,原始材料；专业尽调报告；合同/台账；公开信息；管理层书面确认,minimum
DDQ.079,原始材料；专业尽调报告；合同/台账；公开信息；管理层书面确认,minimum
DDQ.080,原始材料；专业尽调报告；合同/台账；公开信息；管理层书面确认,minimum
DDQ.081,原始材料；专业尽调报告；合同/台账；公开信息；管理层书面确认,minimum
DDQ.082,原始材料；专业尽调报告；合同/台账；公开信息；管理层书面确认,minimum
DDQ.083,原始材料；专业尽调报告；合同/台账；公开信息；管理层书面确认,minimum
DDQ.084,原始材料；专业尽调报告；合同/台账；公开信息；管理层书面确认,minimum
DDQ.085,客户明细；销售合同；订单；出货/验收单；发票；回款流水；应收账龄,minimum
DDQ.086,客户明细；销售合同；订单；出货/验收单；发票；回款流水；应收账龄,minimum
DDQ.087,客户明细；销售合同；订单；出货/验收单；发票；回款流水；应收账龄,minimum
DDQ.088,客户明细；销售合同；订单；出货/验收单；发票；回款流水；应收账龄,minimum
DDQ.089,客户明细；销售合同；订单；出货/验收单；发票；回款流水；应收账龄,minimum
DDQ.090,客户明细；销售合同；订单；出货/验收单；发票；回款流水；应收账龄,minimum
DDQ.091,客户明细；销售合同；订单；出货/验收单；发票；回款流水；应收账龄,minimum
DDQ.092,客户明细；销售合同；订单；出货/验收单；发票；回款流水；应收账龄,minimum
DDQ.093,客户明细；销售合同；订单；出货/验收单；发票；回款流水；应收账龄,minimum
DDQ.094,客户明细；销售合同；订单；出货/验收单；发票；回款流水；应收账龄,minimum
DDQ.095,客户明细；销售合同；订单；出货/验收单；发票；回款流水；应收账龄,minimum
DDQ.096,客户明细；销售合同；订单；出货/验收单；发票；回款流水；应收账龄,minimum
DDQ.097,经审计财务报表；总账/明细账；银行流水；财务台账；预测模型；审计/财务尽调底稿,minimum
DDQ.098,经审计财务报表；总账/明细账；银行流水；财务台账；预测模型；审计/财务尽调底稿,minimum
DDQ.099,经审计财务报表；总账/明细账；银行流水；财务台账；预测模型；审计/财务尽调底稿,minimum
DDQ.100,经审计财务报表；总账/明细账；银行流水；财务台账；预测模型；审计/财务尽调底稿,minimum
DDQ.101,经审计财务报表；总账/明细账；银行流水；财务台账；预测模型；审计/财务尽调底稿,minimum
DDQ.102,经审计财务报表；总账/明细账；银行流水；财务台账；预测模型；审计/财务尽调底稿,minimum
DDQ.103,经审计财务报表；总账/明细账；银行流水；财务台账；预测模型；审计/财务尽调底稿,minimum
DDQ.104,经审计财务报表；总账/明细账；银行流水；财务台账；预测模型；审计/财务尽调底稿,minimum
DDQ.105,经审计财务报表；总账/明细账；银行流水；财务台账；预测模型；审计/财务尽调底稿,minimum
DDQ.106,经审计财务报表；总账/明细账；银行流水；财务台账；预测模型；审计/财务尽调底稿,minimum
DDQ.107,原始材料；专业尽调报告；合同/台账；公开信息；管理层书面确认,minimum
DDQ.108,原始材料；专业尽调报告；合同/台账；公开信息；管理层书面确认,minimum
DDQ.109,原始材料；专业尽调报告；合同/台账；公开信息；管理层书面确认,minimum
DDQ.110,原始材料；专业尽调报告；合同/台账；公开信息；管理层书面确认,minimum
DDQ.111,原始材料；专业尽调报告；合同/台账；公开信息；管理层书面确认,minimum
DDQ.112,原始材料；专业尽调报告；合同/台账；公开信息；管理层书面确认,minimum
DDQ.113,原始材料；专业尽调报告；合同/台账；公开信息；管理层书面确认,minimum
DDQ.114,原始材料；专业尽调报告；合同/台账；公开信息；管理层书面确认,minimum
DDQ.115,经审计财务报表；总账/明细账；银行流水；财务台账；预测模型；审计/财务尽调底稿,minimum
DDQ.116,经审计财务报表；总账/明细账；银行流水；财务台账；预测模型；审计/财务尽调底稿,minimum
DDQ.117,经审计财务报表；总账/明细账；银行流水；财务台账；预测模型；审计/财务尽调底稿,minimum
DDQ.118,经审计财务报表；总账/明细账；银行流水；财务台账；预测模型；审计/财务尽调底稿,minimum
DDQ.119,经审计财务报表；总账/明细账；银行流水；财务台账；预测模型；审计/财务尽调底稿,minimum
DDQ.120,经审计财务报表；总账/明细账；银行流水；财务台账；预测模型；审计/财务尽调底稿,minimum
DDQ.121,经审计财务报表；总账/明细账；银行流水；财务台账；预测模型；审计/财务尽调底稿,minimum
DDQ.122,经审计财务报表；总账/明细账；银行流水；财务台账；预测模型；审计/财务尽调底稿,minimum
DDQ.123,经审计财务报表；总账/明细账；银行流水；财务台账；预测模型；审计/财务尽调底稿,minimum
DDQ.124,经审计财务报表；总账/明细账；银行流水；财务台账；预测模型；审计/财务尽调底稿,minimum
DDQ.125,经审计财务报表；总账/明细账；银行流水；财务台账；预测模型；审计/财务尽调底稿,minimum
DDQ.126,经审计财务报表；总账/明细账；银行流水；财务台账；预测模型；审计/财务尽调底稿,minimum
DDQ.127,经审计财务报表；总账/明细账；银行流水；财务台账；预测模型；审计/财务尽调底稿,minimum
DDQ.128,经审计财务报表；总账/明细账；银行流水；财务台账；预测模型；审计/财务尽调底稿,minimum
DDQ.129,经审计财务报表；总账/明细账；银行流水；财务台账；预测模型；审计/财务尽调底稿,minimum
DDQ.130,经审计财务报表；总账/明细账；银行流水；财务台账；预测模型；审计/财务尽调底稿,minimum
DDQ.131,经审计财务报表；总账/明细账；银行流水；财务台账；预测模型；审计/财务尽调底稿,minimum
DDQ.132,经审计财务报表；总账/明细账；银行流水；财务台账；预测模型；审计/财务尽调底稿,minimum
DDQ.133,经审计财务报表；总账/明细账；银行流水；财务台账；预测模型；审计/财务尽调底稿,minimum
DDQ.134,经审计财务报表；总账/明细账；银行流水；财务台账；预测模型；审计/财务尽调底稿,minimum
DDQ.135,经审计财务报表；总账/明细账；银行流水；财务台账；预测模型；审计/财务尽调底稿,minimum
DDQ.136,经审计财务报表；总账/明细账；银行流水；财务台账；预测模型；审计/财务尽调底稿,minimum
DDQ.137,经审计财务报表；总账/明细账；银行流水；财务台账；预测模型；审计/财务尽调底稿,minimum
DDQ.138,经审计财务报表；总账/明细账；银行流水；财务台账；预测模型；审计/财务尽调底稿,minimum
DDQ.139,经审计财务报表；总账/明细账；银行流水；财务台账；预测模型；审计/财务尽调底稿,minimum
DDQ.140,经审计财务报表；总账/明细账；银行流水；财务台账；预测模型；审计/财务尽调底稿,minimum
DDQ.141,经审计财务报表；总账/明细账；银行流水；财务台账；预测模型；审计/财务尽调底稿,minimum
DDQ.142,经审计财务报表；总账/明细账；银行流水；财务台账；预测模型；审计/财务尽调底稿,minimum
DDQ.143,经审计财务报表；总账/明细账；银行流水；财务台账；预测模型；审计/财务尽调底稿,minimum
DDQ.144,经审计财务报表；总账/明细账；银行流水；财务台账；预测模型；审计/财务尽调底稿,minimum
DDQ.145,经审计财务报表；总账/明细账；银行流水；财务台账；预测模型；审计/财务尽调底稿,minimum
DDQ.146,经审计财务报表；总账/明细账；银行流水；财务台账；预测模型；审计/财务尽调底稿,minimum
DDQ.147,经审计财务报表；总账/明细账；银行流水；财务台账；预测模型；审计/财务尽调底稿,minimum
DDQ.148,原始材料；专业尽调报告；合同/台账；公开信息；管理层书面确认,minimum
DDQ.149,原始材料；专业尽调报告；合同/台账；公开信息；管理层书面确认,minimum
DDQ.150,原始材料；专业尽调报告；合同/台账；公开信息；管理层书面确认,minimum
DDQ.151,原始材料；专业尽调报告；合同/台账；公开信息；管理层书面确认,minimum
DDQ.152,原始材料；专业尽调报告；合同/台账；公开信息；管理层书面确认,minimum
DDQ.153,原始材料；专业尽调报告；合同/台账；公开信息；管理层书面确认,minimum
DDQ.154,原始材料；专业尽调报告；合同/台账；公开信息；管理层书面确认,minimum
DDQ.155,经审计财务报表；总账/明细账；银行流水；财务台账；预测模型；审计/财务尽调底稿,minimum
DDQ.156,经审计财务报表；总账/明细账；银行流水；财务台账；预测模型；审计/财务尽调底稿,minimum
DDQ.157,经审计财务报表；总账/明细账；银行流水；财务台账；预测模型；审计/财务尽调底稿,minimum
DDQ.158,经审计财务报表；总账/明细账；银行流水；财务台账；预测模型；审计/财务尽调底稿,minimum
DDQ.159,经审计财务报表；总账/明细账；银行流水；财务台账；预测模型；审计/财务尽调底稿,minimum
DDQ.160,经审计财务报表；总账/明细账；银行流水；财务台账；预测模型；审计/财务尽调底稿,minimum
DDQ.161,经审计财务报表；总账/明细账；银行流水；财务台账；预测模型；审计/财务尽调底稿,minimum
DDQ.162,经审计财务报表；总账/明细账；银行流水；财务台账；预测模型；审计/财务尽调底稿,minimum
DDQ.163,经审计财务报表；总账/明细账；银行流水；财务台账；预测模型；审计/财务尽调底稿,minimum
DDQ.164,经审计财务报表；总账/明细账；银行流水；财务台账；预测模型；审计/财务尽调底稿,minimum
DDQ.165,经审计财务报表；总账/明细账；银行流水；财务台账；预测模型；审计/财务尽调底稿,minimum
DDQ.166,经审计财务报表；总账/明细账；银行流水；财务台账；预测模型；审计/财务尽调底稿,minimum
DDQ.167,经审计财务报表；总账/明细账；银行流水；财务台账；预测模型；审计/财务尽调底稿,minimum
DDQ.168,经审计财务报表；总账/明细账；银行流水；财务台账；预测模型；审计/财务尽调底稿,minimum
DDQ.169,经审计财务报表；总账/明细账；银行流水；财务台账；预测模型；审计/财务尽调底稿,minimum
DDQ.170,经审计财务报表；总账/明细账；银行流水；财务台账；预测模型；审计/财务尽调底稿,minimum
DDQ.171,经审计财务报表；总账/明细账；银行流水；财务台账；预测模型；审计/财务尽调底稿,minimum
DDQ.172,经审计财务报表；总账/明细账；银行流水；财务台账；预测模型；审计/财务尽调底稿,minimum
DDQ.173,经审计财务报表；总账/明细账；银行流水；财务台账；预测模型；审计/财务尽调底稿,minimum
DDQ.174,经审计财务报表；总账/明细账；银行流水；财务台账；预测模型；审计/财务尽调底稿,minimum
DDQ.175,经审计财务报表；总账/明细账；银行流水；财务台账；预测模型；审计/财务尽调底稿,minimum
DDQ.176,经审计财务报表；总账/明细账；银行流水；财务台账；预测模型；审计/财务尽调底稿,minimum
DDQ.177,经审计财务报表；总账/明细账；银行流水；财务台账；预测模型；审计/财务尽调底稿,minimum
DDQ.178,经审计财务报表；总账/明细账；银行流水；财务台账；预测模型；审计/财务尽调底稿,minimum
DDQ.179,经审计财务报表；总账/明细账；银行流水；财务台账；预测模型；审计/财务尽调底稿,minimum
DDQ.180,经审计财务报表；总账/明细账；银行流水；财务台账；预测模型；审计/财务尽调底稿,minimum
DDQ.181,经审计财务报表；总账/明细账；银行流水；财务台账；预测模型；审计/财务尽调底稿,minimum
DDQ.182,经审计财务报表；总账/明细账；银行流水；财务台账；预测模型；审计/财务尽调底稿,minimum
DDQ.183,经审计财务报表；总账/明细账；银行流水；财务台账；预测模型；审计/财务尽调底稿,minimum
DDQ.184,经审计财务报表；总账/明细账；银行流水；财务台账；预测模型；审计/财务尽调底稿,minimum
DDQ.185,原始材料；专业尽调报告；合同/台账；公开信息；管理层书面确认,minimum
DDQ.186,原始材料；专业尽调报告；合同/台账；公开信息；管理层书面确认,minimum
DDQ.187,客户明细；销售合同；订单；出货/验收单；发票；回款流水；应收账龄,minimum
DDQ.188,原始材料；专业尽调报告；合同/台账；公开信息；管理层书面确认,minimum
DDQ.189,原始材料；专业尽调报告；合同/台账；公开信息；管理层书面确认,minimum
DDQ.190,原始材料；专业尽调报告；合同/台账；公开信息；管理层书面确认,minimum
DDQ.191,原始材料；专业尽调报告；合同/台账；公开信息；管理层书面确认,minimum
DDQ.192,原始材料；专业尽调报告；合同/台账；公开信息；管理层书面确认,minimum
DDQ.193,备案/环评/能评/消防/安评/排污许可；验收文件；处罚记录；第三方合规报告,minimum
DDQ.194,原始材料；专业尽调报告；合同/台账；公开信息；管理层书面确认,minimum
DDQ.195,管理层预测模型；订单储备；产能计划；历史预测与实际对比；预算资料,minimum
DDQ.196,原始材料；专业尽调报告；合同/台账；公开信息；管理层书面确认,minimum
DDQ.197,原始材料；专业尽调报告；合同/台账；公开信息；管理层书面确认,minimum
DDQ.198,经审计财务报表；总账/明细账；银行流水；财务台账；预测模型；审计/财务尽调底稿,minimum
DDQ.199,原始材料；专业尽调报告；合同/台账；公开信息；管理层书面确认,minimum
DDQ.200,原始材料；专业尽调报告；合同/台账；公开信息；管理层书面确认,minimum
DDQ.201,工商登记/股权结构表；章程；股东协议/一致行动协议；历次融资协议；银行/付款凭证,minimum
DDQ.202,工商登记/股权结构表；章程；股东协议/一致行动协议；历次融资协议；银行/付款凭证,minimum
DDQ.203,工商登记/股权结构表；章程；股东协议/一致行动协议；历次融资协议；银行/付款凭证,minimum
DDQ.204,工商登记/股权结构表；章程；股东协议/一致行动协议；历次融资协议；银行/付款凭证,minimum
DDQ.205,工商登记/股权结构表；章程；股东协议/一致行动协议；历次融资协议；银行/付款凭证,minimum
DDQ.206,工商登记/股权结构表；章程；股东协议/一致行动协议；历次融资协议；银行/付款凭证,minimum
DDQ.207,经审计财务报表；总账/明细账；银行流水；财务台账；预测模型；审计/财务尽调底稿,minimum
DDQ.208,经审计财务报表；总账/明细账；银行流水；财务台账；预测模型；审计/财务尽调底稿,minimum
DDQ.209,经审计财务报表；总账/明细账；银行流水；财务台账；预测模型；审计/财务尽调底稿,minimum
DDQ.210,经审计财务报表；总账/明细账；银行流水；财务台账；预测模型；审计/财务尽调底稿,minimum
DDQ.211,经审计财务报表；总账/明细账；银行流水；财务台账；预测模型；审计/财务尽调底稿,minimum
DDQ.212,经审计财务报表；总账/明细账；银行流水；财务台账；预测模型；审计/财务尽调底稿,minimum
DDQ.213,经审计财务报表；总账/明细账；银行流水；财务台账；预测模型；审计/财务尽调底稿,minimum
DDQ.214,经审计财务报表；总账/明细账；银行流水；财务台账；预测模型；审计/财务尽调底稿,minimum
DDQ.215,经审计财务报表；总账/明细账；银行流水；财务台账；预测模型；审计/财务尽调底稿,minimum
DDQ.216,经审计财务报表；总账/明细账；银行流水；财务台账；预测模型；审计/财务尽调底稿,minimum
DDQ.217,原始材料；专业尽调报告；合同/台账；公开信息；管理层书面确认,minimum
DDQ.218,原始材料；专业尽调报告；合同/台账；公开信息；管理层书面确认,minimum
DDQ.219,原始材料；专业尽调报告；合同/台账；公开信息；管理层书面确认,minimum
DDQ.220,原始材料；专业尽调报告；合同/台账；公开信息；管理层书面确认,minimum
DDQ.221,专利/商标/软著登记证书；申请文件；年费缴纳凭证；技术合同；研发立项文件,minimum
DDQ.222,专利/商标/软著登记证书；申请文件；年费缴纳凭证；技术合同；研发立项文件,minimum
DDQ.223,专利/商标/软著登记证书；申请文件；年费缴纳凭证；技术合同；研发立项文件,minimum
DDQ.224,备案/环评/能评/消防/安评/排污许可；验收文件；处罚记录；第三方合规报告,minimum
DDQ.225,备案/环评/能评/消防/安评/排污许可；验收文件；处罚记录；第三方合规报告,minimum
DDQ.226,备案/环评/能评/消防/安评/排污许可；验收文件；处罚记录；第三方合规报告,minimum
DDQ.227,生产台账；产能/产量记录；设备清单；良率/废品记录；能耗记录；现场走访记录,minimum
DDQ.228,生产台账；产能/产量记录；设备清单；良率/废品记录；能耗记录；现场走访记录,minimum
DDQ.229,生产台账；产能/产量记录；设备清单；良率/废品记录；能耗记录；现场走访记录,minimum
DDQ.230,生产台账；产能/产量记录；设备清单；良率/废品记录；能耗记录；现场走访记录,minimum
DDQ.231,生产台账；产能/产量记录；设备清单；良率/废品记录；能耗记录；现场走访记录,minimum
DDQ.232,客户明细；销售合同；订单；出货/验收单；发票；回款流水；应收账龄,minimum
DDQ.233,客户明细；销售合同；订单；出货/验收单；发票；回款流水；应收账龄,minimum
DDQ.234,客户明细；销售合同；订单；出货/验收单；发票；回款流水；应收账龄,minimum
DDQ.235,客户明细；销售合同；订单；出货/验收单；发票；回款流水；应收账龄,minimum
DDQ.236,客户明细；销售合同；订单；出货/验收单；发票；回款流水；应收账龄,minimum
DDQ.237,客户明细；销售合同；订单；出货/验收单；发票；回款流水；应收账龄,minimum
DDQ.238,客户明细；销售合同；订单；出货/验收单；发票；回款流水；应收账龄,minimum
DDQ.239,客户明细；销售合同；订单；出货/验收单；发票；回款流水；应收账龄,minimum
DDQ.240,客户明细；销售合同；订单；出货/验收单；发票；回款流水；应收账龄,minimum
DDQ.241,原始材料；专业尽调报告；合同/台账；公开信息；管理层书面确认,minimum
DDQ.242,原始材料；专业尽调报告；合同/台账；公开信息；管理层书面确认,minimum
DDQ.243,原始材料；专业尽调报告；合同/台账；公开信息；管理层书面确认,minimum
DDQ.244,原始材料；专业尽调报告；合同/台账；公开信息；管理层书面确认,minimum
DDQ.245,原始材料；专业尽调报告；合同/台账；公开信息；管理层书面确认,minimum
DDQ.246,原始材料；专业尽调报告；合同/台账；公开信息；管理层书面确认,minimum
DDQ.247,原始材料；专业尽调报告；合同/台账；公开信息；管理层书面确认,minimum
DDQ.248,原始材料；专业尽调报告；合同/台账；公开信息；管理层书面确认,minimum
DDQ.249,工商登记/股权结构表；章程；股东协议/一致行动协议；历次融资协议；银行/付款凭证,minimum
DDQ.250,工商登记/股权结构表；章程；股东协议/一致行动协议；历次融资协议；银行/付款凭证,minimum
DDQ.251,工商登记/股权结构表；章程；股东协议/一致行动协议；历次融资协议；银行/付款凭证,minimum
DDQ.252,原始材料；专业尽调报告；合同/台账；公开信息；管理层书面确认,minimum
DDQ.253,原始材料；专业尽调报告；合同/台账；公开信息；管理层书面确认,minimum
DDQ.254,原始材料；专业尽调报告；合同/台账；公开信息；管理层书面确认,minimum
DDQ.255,原始材料；专业尽调报告；合同/台账；公开信息；管理层书面确认,minimum
DDQ.256,原始材料；专业尽调报告；合同/台账；公开信息；管理层书面确认,minimum
DDQ.257,原始材料；专业尽调报告；合同/台账；公开信息；管理层书面确认,minimum
