ddq_id,task_template_id,task_role,task_definition
DDQ.001,T_CROSS_CHECK,required,跨文档/跨来源勾稽同一事实，识别口径差异和冲突
DDQ.002,T_VERIFY_DOCUMENT,required,核验关键文件是否存在、有效、完整，并检查签章/日期/主体
DDQ.002,T_ANALYZE,required,基于事实、关系和历史趋势形成风险/合理性分析
DDQ.003,T_VERIFY_DOCUMENT,required,核验关键文件是否存在、有效、完整，并检查签章/日期/主体
DDQ.004,T_VERIFY_DOCUMENT,required,核验关键文件是否存在、有效、完整，并检查签章/日期/主体
DDQ.004,T_ANALYZE,required,基于事实、关系和历史趋势形成风险/合理性分析
DDQ.005,T_VERIFY_DOCUMENT,required,核验关键文件是否存在、有效、完整，并检查签章/日期/主体
DDQ.005,T_ANALYZE,required,基于事实、关系和历史趋势形成风险/合理性分析
DDQ.006,T_VERIFY_DOCUMENT,required,核验关键文件是否存在、有效、完整，并检查签章/日期/主体
DDQ.007,T_VERIFY_DOCUMENT,required,核验关键文件是否存在、有效、完整，并检查签章/日期/主体
DDQ.007,T_EXTERNAL_VERIFY,required,通过公开信息或独立第三方来源进行外部核验
DDQ.007,T_ANALYZE,required,基于事实、关系和历史趋势形成风险/合理性分析
DDQ.008,T_VERIFY_DOCUMENT,required,核验关键文件是否存在、有效、完整，并检查签章/日期/主体
DDQ.008,T_CALCULATE_METRIC,required,从原始数据计算对应指标、趋势或敏感性
DDQ.009,T_VERIFY_DOCUMENT,required,核验关键文件是否存在、有效、完整，并检查签章/日期/主体
DDQ.009,T_ANALYZE,required,基于事实、关系和历史趋势形成风险/合理性分析
DDQ.010,T_VERIFY_DOCUMENT,required,核验关键文件是否存在、有效、完整，并检查签章/日期/主体
DDQ.011,T_VERIFY_DOCUMENT,required,核验关键文件是否存在、有效、完整，并检查签章/日期/主体
DDQ.011,T_ANALYZE,required,基于事实、关系和历史趋势形成风险/合理性分析
DDQ.012,T_VERIFY_DOCUMENT,required,核验关键文件是否存在、有效、完整，并检查签章/日期/主体
DDQ.012,T_ANALYZE,required,基于事实、关系和历史趋势形成风险/合理性分析
DDQ.013,T_EXTRACT_FACT,required,从指定材料提取实体、事实、时间、金额、口径并绑定原文证据
DDQ.014,T_VERIFY_DOCUMENT,required,核验关键文件是否存在、有效、完整，并检查签章/日期/主体
DDQ.015,T_VERIFY_DOCUMENT,required,核验关键文件是否存在、有效、完整，并检查签章/日期/主体
DDQ.016,T_VERIFY_DOCUMENT,required,核验关键文件是否存在、有效、完整，并检查签章/日期/主体
DDQ.017,T_VERIFY_DOCUMENT,required,核验关键文件是否存在、有效、完整，并检查签章/日期/主体
DDQ.018,T_VERIFY_DOCUMENT,required,核验关键文件是否存在、有效、完整，并检查签章/日期/主体
DDQ.018,T_ANALYZE,required,基于事实、关系和历史趋势形成风险/合理性分析
DDQ.019,T_VERIFY_DOCUMENT,required,核验关键文件是否存在、有效、完整，并检查签章/日期/主体
DDQ.019,T_ANALYZE,required,基于事实、关系和历史趋势形成风险/合理性分析
DDQ.020,T_VERIFY_DOCUMENT,required,核验关键文件是否存在、有效、完整，并检查签章/日期/主体
DDQ.021,T_VERIFY_DOCUMENT,required,核验关键文件是否存在、有效、完整，并检查签章/日期/主体
DDQ.021,T_CALCULATE_METRIC,required,从原始数据计算对应指标、趋势或敏感性
DDQ.022,T_VERIFY_DOCUMENT,required,核验关键文件是否存在、有效、完整，并检查签章/日期/主体
DDQ.023,T_VERIFY_DOCUMENT,required,核验关键文件是否存在、有效、完整，并检查签章/日期/主体
DDQ.024,T_CALCULATE_METRIC,required,从原始数据计算对应指标、趋势或敏感性
DDQ.025,T_VERIFY_DOCUMENT,required,核验关键文件是否存在、有效、完整，并检查签章/日期/主体
DDQ.026,T_VERIFY_DOCUMENT,required,核验关键文件是否存在、有效、完整，并检查签章/日期/主体
DDQ.026,T_CROSS_CHECK,required,跨文档/跨来源勾稽同一事实，识别口径差异和冲突
DDQ.027,T_VERIFY_DOCUMENT,required,核验关键文件是否存在、有效、完整，并检查签章/日期/主体
DDQ.028,T_EXTRACT_FACT,required,从指定材料提取实体、事实、时间、金额、口径并绑定原文证据
DDQ.029,T_VERIFY_DOCUMENT,required,核验关键文件是否存在、有效、完整，并检查签章/日期/主体
DDQ.029,T_CALCULATE_METRIC,required,从原始数据计算对应指标、趋势或敏感性
DDQ.030,T_VERIFY_DOCUMENT,required,核验关键文件是否存在、有效、完整，并检查签章/日期/主体
DDQ.031,T_VERIFY_DOCUMENT,required,核验关键文件是否存在、有效、完整，并检查签章/日期/主体
DDQ.032,T_VERIFY_DOCUMENT,required,核验关键文件是否存在、有效、完整，并检查签章/日期/主体
DDQ.032,T_EXTERNAL_VERIFY,required,通过公开信息或独立第三方来源进行外部核验
DDQ.032,T_ANALYZE,required,基于事实、关系和历史趋势形成风险/合理性分析
DDQ.033,T_VERIFY_DOCUMENT,required,核验关键文件是否存在、有效、完整，并检查签章/日期/主体
DDQ.034,T_VERIFY_DOCUMENT,required,核验关键文件是否存在、有效、完整，并检查签章/日期/主体
DDQ.034,T_CALCULATE_METRIC,required,从原始数据计算对应指标、趋势或敏感性
DDQ.034,T_ANALYZE,required,基于事实、关系和历史趋势形成风险/合理性分析
DDQ.035,T_VERIFY_DOCUMENT,required,核验关键文件是否存在、有效、完整，并检查签章/日期/主体
DDQ.035,T_ANALYZE,required,基于事实、关系和历史趋势形成风险/合理性分析
DDQ.036,T_VERIFY_DOCUMENT,required,核验关键文件是否存在、有效、完整，并检查签章/日期/主体
DDQ.036,T_ANALYZE,required,基于事实、关系和历史趋势形成风险/合理性分析
DDQ.037,T_VERIFY_DOCUMENT,required,核验关键文件是否存在、有效、完整，并检查签章/日期/主体
DDQ.037,T_EXTERNAL_VERIFY,required,通过公开信息或独立第三方来源进行外部核验
DDQ.038,T_VERIFY_DOCUMENT,required,核验关键文件是否存在、有效、完整，并检查签章/日期/主体
DDQ.039,T_VERIFY_DOCUMENT,required,核验关键文件是否存在、有效、完整，并检查签章/日期/主体
DDQ.040,T_VERIFY_DOCUMENT,required,核验关键文件是否存在、有效、完整，并检查签章/日期/主体
DDQ.041,T_VERIFY_DOCUMENT,required,核验关键文件是否存在、有效、完整，并检查签章/日期/主体
DDQ.042,T_VERIFY_DOCUMENT,required,核验关键文件是否存在、有效、完整，并检查签章/日期/主体
DDQ.042,T_ANALYZE,required,基于事实、关系和历史趋势形成风险/合理性分析
DDQ.043,T_VERIFY_DOCUMENT,required,核验关键文件是否存在、有效、完整，并检查签章/日期/主体
DDQ.044,T_EXTRACT_FACT,required,从指定材料提取实体、事实、时间、金额、口径并绑定原文证据
DDQ.045,T_VERIFY_DOCUMENT,required,核验关键文件是否存在、有效、完整，并检查签章/日期/主体
DDQ.046,T_VERIFY_DOCUMENT,required,核验关键文件是否存在、有效、完整，并检查签章/日期/主体
DDQ.047,T_VERIFY_DOCUMENT,required,核验关键文件是否存在、有效、完整，并检查签章/日期/主体
DDQ.048,T_VERIFY_DOCUMENT,required,核验关键文件是否存在、有效、完整，并检查签章/日期/主体
DDQ.049,T_VERIFY_DOCUMENT,required,核验关键文件是否存在、有效、完整，并检查签章/日期/主体
DDQ.050,T_EXTRACT_FACT,required,从指定材料提取实体、事实、时间、金额、口径并绑定原文证据
DDQ.051,T_VERIFY_DOCUMENT,required,核验关键文件是否存在、有效、完整，并检查签章/日期/主体
DDQ.051,T_CALCULATE_METRIC,required,从原始数据计算对应指标、趋势或敏感性
DDQ.052,T_EXTRACT_FACT,required,从指定材料提取实体、事实、时间、金额、口径并绑定原文证据
DDQ.053,T_ANALYZE,required,基于事实、关系和历史趋势形成风险/合理性分析
DDQ.054,T_VERIFY_DOCUMENT,required,核验关键文件是否存在、有效、完整，并检查签章/日期/主体
DDQ.055,T_VERIFY_DOCUMENT,required,核验关键文件是否存在、有效、完整，并检查签章/日期/主体
DDQ.056,T_EXTRACT_FACT,required,从指定材料提取实体、事实、时间、金额、口径并绑定原文证据
DDQ.057,T_VERIFY_DOCUMENT,required,核验关键文件是否存在、有效、完整，并检查签章/日期/主体
DDQ.058,T_ANALYZE,required,基于事实、关系和历史趋势形成风险/合理性分析
DDQ.059,T_VERIFY_DOCUMENT,required,核验关键文件是否存在、有效、完整，并检查签章/日期/主体
DDQ.060,T_VERIFY_DOCUMENT,required,核验关键文件是否存在、有效、完整，并检查签章/日期/主体
DDQ.060,T_ANALYZE,required,基于事实、关系和历史趋势形成风险/合理性分析
DDQ.061,T_VERIFY_DOCUMENT,required,核验关键文件是否存在、有效、完整，并检查签章/日期/主体
DDQ.062,T_ANALYZE,required,基于事实、关系和历史趋势形成风险/合理性分析
DDQ.063,T_VERIFY_DOCUMENT,required,核验关键文件是否存在、有效、完整，并检查签章/日期/主体
DDQ.063,T_EXTERNAL_VERIFY,required,通过公开信息或独立第三方来源进行外部核验
DDQ.063,T_ANALYZE,required,基于事实、关系和历史趋势形成风险/合理性分析
DDQ.064,T_VERIFY_DOCUMENT,required,核验关键文件是否存在、有效、完整，并检查签章/日期/主体
DDQ.065,T_VERIFY_DOCUMENT,required,核验关键文件是否存在、有效、完整，并检查签章/日期/主体
DDQ.066,T_VERIFY_DOCUMENT,required,核验关键文件是否存在、有效、完整，并检查签章/日期/主体
DDQ.066,T_EXTERNAL_VERIFY,required,通过公开信息或独立第三方来源进行外部核验
DDQ.066,T_ANALYZE,required,基于事实、关系和历史趋势形成风险/合理性分析
DDQ.067,T_VERIFY_DOCUMENT,required,核验关键文件是否存在、有效、完整，并检查签章/日期/主体
DDQ.067,T_EXTERNAL_VERIFY,required,通过公开信息或独立第三方来源进行外部核验
DDQ.067,T_CROSS_CHECK,required,跨文档/跨来源勾稽同一事实，识别口径差异和冲突
DDQ.068,T_VERIFY_DOCUMENT,required,核验关键文件是否存在、有效、完整，并检查签章/日期/主体
DDQ.069,T_VERIFY_DOCUMENT,required,核验关键文件是否存在、有效、完整，并检查签章/日期/主体
DDQ.069,T_EXTERNAL_VERIFY,required,通过公开信息或独立第三方来源进行外部核验
DDQ.070,T_EXTERNAL_VERIFY,required,通过公开信息或独立第三方来源进行外部核验
DDQ.071,T_EXTRACT_FACT,required,从指定材料提取实体、事实、时间、金额、口径并绑定原文证据
DDQ.072,T_VERIFY_DOCUMENT,required,核验关键文件是否存在、有效、完整，并检查签章/日期/主体
DDQ.072,T_ANALYZE,required,基于事实、关系和历史趋势形成风险/合理性分析
DDQ.073,T_CALCULATE_METRIC,required,从原始数据计算对应指标、趋势或敏感性
DDQ.074,T_VERIFY_DOCUMENT,required,核验关键文件是否存在、有效、完整，并检查签章/日期/主体
DDQ.074,T_CROSS_CHECK,required,跨文档/跨来源勾稽同一事实，识别口径差异和冲突
DDQ.074,T_ANALYZE,required,基于事实、关系和历史趋势形成风险/合理性分析
DDQ.075,T_VERIFY_DOCUMENT,required,核验关键文件是否存在、有效、完整，并检查签章/日期/主体
DDQ.075,T_EXTERNAL_VERIFY,required,通过公开信息或独立第三方来源进行外部核验
DDQ.075,T_ANALYZE,required,基于事实、关系和历史趋势形成风险/合理性分析
DDQ.076,T_ANALYZE,required,基于事实、关系和历史趋势形成风险/合理性分析
DDQ.077,T_ANALYZE,required,基于事实、关系和历史趋势形成风险/合理性分析
DDQ.078,T_EXTRACT_FACT,required,从指定材料提取实体、事实、时间、金额、口径并绑定原文证据
DDQ.079,T_VERIFY_DOCUMENT,required,核验关键文件是否存在、有效、完整，并检查签章/日期/主体
DDQ.079,T_ANALYZE,required,基于事实、关系和历史趋势形成风险/合理性分析
DDQ.080,T_VERIFY_DOCUMENT,required,核验关键文件是否存在、有效、完整，并检查签章/日期/主体
DDQ.080,T_EXTERNAL_VERIFY,required,通过公开信息或独立第三方来源进行外部核验
DDQ.080,T_ANALYZE,required,基于事实、关系和历史趋势形成风险/合理性分析
DDQ.081,T_ANALYZE,required,基于事实、关系和历史趋势形成风险/合理性分析
DDQ.082,T_ANALYZE,required,基于事实、关系和历史趋势形成风险/合理性分析
DDQ.083,T_VERIFY_DOCUMENT,required,核验关键文件是否存在、有效、完整，并检查签章/日期/主体
DDQ.084,T_VERIFY_DOCUMENT,required,核验关键文件是否存在、有效、完整，并检查签章/日期/主体
DDQ.084,T_ANALYZE,required,基于事实、关系和历史趋势形成风险/合理性分析
DDQ.085,T_CALCULATE_METRIC,required,从原始数据计算对应指标、趋势或敏感性
DDQ.086,T_ANALYZE,required,基于事实、关系和历史趋势形成风险/合理性分析
DDQ.087,T_VERIFY_DOCUMENT,required,核验关键文件是否存在、有效、完整，并检查签章/日期/主体
DDQ.088,T_VERIFY_DOCUMENT,required,核验关键文件是否存在、有效、完整，并检查签章/日期/主体
DDQ.088,T_CALCULATE_METRIC,required,从原始数据计算对应指标、趋势或敏感性
DDQ.089,T_VERIFY_DOCUMENT,required,核验关键文件是否存在、有效、完整，并检查签章/日期/主体
DDQ.090,T_VERIFY_DOCUMENT,required,核验关键文件是否存在、有效、完整，并检查签章/日期/主体
DDQ.090,T_EXTERNAL_VERIFY,required,通过公开信息或独立第三方来源进行外部核验
DDQ.091,T_CALCULATE_METRIC,required,从原始数据计算对应指标、趋势或敏感性
DDQ.092,T_ANALYZE,required,基于事实、关系和历史趋势形成风险/合理性分析
DDQ.093,T_VERIFY_DOCUMENT,required,核验关键文件是否存在、有效、完整，并检查签章/日期/主体
DDQ.094,T_VERIFY_DOCUMENT,required,核验关键文件是否存在、有效、完整，并检查签章/日期/主体
DDQ.094,T_CALCULATE_METRIC,required,从原始数据计算对应指标、趋势或敏感性
DDQ.094,T_ANALYZE,required,基于事实、关系和历史趋势形成风险/合理性分析
DDQ.095,T_VERIFY_DOCUMENT,required,核验关键文件是否存在、有效、完整，并检查签章/日期/主体
DDQ.096,T_VERIFY_DOCUMENT,required,核验关键文件是否存在、有效、完整，并检查签章/日期/主体
DDQ.097,T_EXTRACT_FACT,required,从指定材料提取实体、事实、时间、金额、口径并绑定原文证据
DDQ.098,T_CALCULATE_METRIC,required,从原始数据计算对应指标、趋势或敏感性
DDQ.099,T_VERIFY_DOCUMENT,required,核验关键文件是否存在、有效、完整，并检查签章/日期/主体
DDQ.099,T_ANALYZE,required,基于事实、关系和历史趋势形成风险/合理性分析
DDQ.100,T_VERIFY_DOCUMENT,required,核验关键文件是否存在、有效、完整，并检查签章/日期/主体
DDQ.101,T_VERIFY_DOCUMENT,required,核验关键文件是否存在、有效、完整，并检查签章/日期/主体
DDQ.101,T_ANALYZE,required,基于事实、关系和历史趋势形成风险/合理性分析
DDQ.102,T_VERIFY_DOCUMENT,required,核验关键文件是否存在、有效、完整，并检查签章/日期/主体
DDQ.102,T_ANALYZE,required,基于事实、关系和历史趋势形成风险/合理性分析
DDQ.103,T_VERIFY_DOCUMENT,required,核验关键文件是否存在、有效、完整，并检查签章/日期/主体
DDQ.104,T_VERIFY_DOCUMENT,required,核验关键文件是否存在、有效、完整，并检查签章/日期/主体
DDQ.104,T_CROSS_CHECK,required,跨文档/跨来源勾稽同一事实，识别口径差异和冲突
DDQ.105,T_VERIFY_DOCUMENT,required,核验关键文件是否存在、有效、完整，并检查签章/日期/主体
DDQ.106,T_VERIFY_DOCUMENT,required,核验关键文件是否存在、有效、完整，并检查签章/日期/主体
DDQ.106,T_CALCULATE_METRIC,required,从原始数据计算对应指标、趋势或敏感性
DDQ.107,T_CALCULATE_METRIC,required,从原始数据计算对应指标、趋势或敏感性
DDQ.108,T_EXTERNAL_VERIFY,required,通过公开信息或独立第三方来源进行外部核验
DDQ.108,T_ANALYZE,required,基于事实、关系和历史趋势形成风险/合理性分析
DDQ.109,T_VERIFY_DOCUMENT,required,核验关键文件是否存在、有效、完整，并检查签章/日期/主体
DDQ.109,T_ANALYZE,required,基于事实、关系和历史趋势形成风险/合理性分析
DDQ.110,T_VERIFY_DOCUMENT,required,核验关键文件是否存在、有效、完整，并检查签章/日期/主体
DDQ.110,T_CALCULATE_METRIC,required,从原始数据计算对应指标、趋势或敏感性
DDQ.111,T_VERIFY_DOCUMENT,required,核验关键文件是否存在、有效、完整，并检查签章/日期/主体
DDQ.112,T_VERIFY_DOCUMENT,required,核验关键文件是否存在、有效、完整，并检查签章/日期/主体
DDQ.112,T_ANALYZE,required,基于事实、关系和历史趋势形成风险/合理性分析
DDQ.113,T_CALCULATE_METRIC,required,从原始数据计算对应指标、趋势或敏感性
DDQ.113,T_CROSS_CHECK,required,跨文档/跨来源勾稽同一事实，识别口径差异和冲突
DDQ.114,T_VERIFY_DOCUMENT,required,核验关键文件是否存在、有效、完整，并检查签章/日期/主体
DDQ.114,T_CROSS_CHECK,required,跨文档/跨来源勾稽同一事实，识别口径差异和冲突
DDQ.114,T_ANALYZE,required,基于事实、关系和历史趋势形成风险/合理性分析
DDQ.115,T_CALCULATE_METRIC,required,从原始数据计算对应指标、趋势或敏感性
DDQ.115,T_CROSS_CHECK,required,跨文档/跨来源勾稽同一事实，识别口径差异和冲突
DDQ.116,T_VERIFY_DOCUMENT,required,核验关键文件是否存在、有效、完整，并检查签章/日期/主体
DDQ.116,T_CALCULATE_METRIC,required,从原始数据计算对应指标、趋势或敏感性
DDQ.116,T_ANALYZE,required,基于事实、关系和历史趋势形成风险/合理性分析
DDQ.117,T_VERIFY_DOCUMENT,required,核验关键文件是否存在、有效、完整，并检查签章/日期/主体
DDQ.118,T_CALCULATE_METRIC,required,从原始数据计算对应指标、趋势或敏感性
DDQ.119,T_VERIFY_DOCUMENT,required,核验关键文件是否存在、有效、完整，并检查签章/日期/主体
DDQ.119,T_CALCULATE_METRIC,required,从原始数据计算对应指标、趋势或敏感性
DDQ.120,T_VERIFY_DOCUMENT,required,核验关键文件是否存在、有效、完整，并检查签章/日期/主体
DDQ.120,T_ANALYZE,required,基于事实、关系和历史趋势形成风险/合理性分析
DDQ.121,T_EXTRACT_FACT,required,从指定材料提取实体、事实、时间、金额、口径并绑定原文证据
DDQ.122,T_VERIFY_DOCUMENT,required,核验关键文件是否存在、有效、完整，并检查签章/日期/主体
DDQ.123,T_EXTRACT_FACT,required,从指定材料提取实体、事实、时间、金额、口径并绑定原文证据
DDQ.124,T_CALCULATE_METRIC,required,从原始数据计算对应指标、趋势或敏感性
DDQ.125,T_VERIFY_DOCUMENT,required,核验关键文件是否存在、有效、完整，并检查签章/日期/主体
DDQ.125,T_CALCULATE_METRIC,required,从原始数据计算对应指标、趋势或敏感性
DDQ.126,T_VERIFY_DOCUMENT,required,核验关键文件是否存在、有效、完整，并检查签章/日期/主体
DDQ.126,T_ANALYZE,required,基于事实、关系和历史趋势形成风险/合理性分析
DDQ.127,T_VERIFY_DOCUMENT,required,核验关键文件是否存在、有效、完整，并检查签章/日期/主体
DDQ.128,T_VERIFY_DOCUMENT,required,核验关键文件是否存在、有效、完整，并检查签章/日期/主体
DDQ.128,T_ANALYZE,required,基于事实、关系和历史趋势形成风险/合理性分析
DDQ.129,T_CALCULATE_METRIC,required,从原始数据计算对应指标、趋势或敏感性
DDQ.130,T_VERIFY_DOCUMENT,required,核验关键文件是否存在、有效、完整，并检查签章/日期/主体
DDQ.130,T_CROSS_CHECK,required,跨文档/跨来源勾稽同一事实，识别口径差异和冲突
DDQ.131,T_VERIFY_DOCUMENT,required,核验关键文件是否存在、有效、完整，并检查签章/日期/主体
DDQ.131,T_CALCULATE_METRIC,required,从原始数据计算对应指标、趋势或敏感性
DDQ.132,T_CALCULATE_METRIC,required,从原始数据计算对应指标、趋势或敏感性
DDQ.133,T_EXTRACT_FACT,required,从指定材料提取实体、事实、时间、金额、口径并绑定原文证据
DDQ.134,T_VERIFY_DOCUMENT,required,核验关键文件是否存在、有效、完整，并检查签章/日期/主体
DDQ.135,T_VERIFY_DOCUMENT,required,核验关键文件是否存在、有效、完整，并检查签章/日期/主体
DDQ.135,T_CALCULATE_METRIC,required,从原始数据计算对应指标、趋势或敏感性
DDQ.136,T_VERIFY_DOCUMENT,required,核验关键文件是否存在、有效、完整，并检查签章/日期/主体
DDQ.137,T_VERIFY_DOCUMENT,required,核验关键文件是否存在、有效、完整，并检查签章/日期/主体
DDQ.138,T_VERIFY_DOCUMENT,required,核验关键文件是否存在、有效、完整，并检查签章/日期/主体
DDQ.139,T_EXTRACT_FACT,required,从指定材料提取实体、事实、时间、金额、口径并绑定原文证据
DDQ.140,T_VERIFY_DOCUMENT,required,核验关键文件是否存在、有效、完整，并检查签章/日期/主体
DDQ.141,T_CALCULATE_METRIC,required,从原始数据计算对应指标、趋势或敏感性
DDQ.142,T_EXTRACT_FACT,required,从指定材料提取实体、事实、时间、金额、口径并绑定原文证据
DDQ.143,T_VERIFY_DOCUMENT,required,核验关键文件是否存在、有效、完整，并检查签章/日期/主体
DDQ.143,T_CALCULATE_METRIC,required,从原始数据计算对应指标、趋势或敏感性
DDQ.144,T_VERIFY_DOCUMENT,required,核验关键文件是否存在、有效、完整，并检查签章/日期/主体
DDQ.144,T_CALCULATE_METRIC,required,从原始数据计算对应指标、趋势或敏感性
DDQ.145,T_CALCULATE_METRIC,required,从原始数据计算对应指标、趋势或敏感性
DDQ.146,T_VERIFY_DOCUMENT,required,核验关键文件是否存在、有效、完整，并检查签章/日期/主体
DDQ.146,T_CALCULATE_METRIC,required,从原始数据计算对应指标、趋势或敏感性
DDQ.147,T_VERIFY_DOCUMENT,required,核验关键文件是否存在、有效、完整，并检查签章/日期/主体
DDQ.147,T_CALCULATE_METRIC,required,从原始数据计算对应指标、趋势或敏感性
DDQ.148,T_VERIFY_DOCUMENT,required,核验关键文件是否存在、有效、完整，并检查签章/日期/主体
DDQ.148,T_CALCULATE_METRIC,required,从原始数据计算对应指标、趋势或敏感性
DDQ.149,T_VERIFY_DOCUMENT,required,核验关键文件是否存在、有效、完整，并检查签章/日期/主体
DDQ.149,T_EXTERNAL_VERIFY,required,通过公开信息或独立第三方来源进行外部核验
DDQ.149,T_CALCULATE_METRIC,required,从原始数据计算对应指标、趋势或敏感性
DDQ.149,T_ANALYZE,required,基于事实、关系和历史趋势形成风险/合理性分析
DDQ.150,T_CALCULATE_METRIC,required,从原始数据计算对应指标、趋势或敏感性
DDQ.150,T_CROSS_CHECK,required,跨文档/跨来源勾稽同一事实，识别口径差异和冲突
DDQ.151,T_CROSS_CHECK,required,跨文档/跨来源勾稽同一事实，识别口径差异和冲突
DDQ.152,T_EXTRACT_FACT,required,从指定材料提取实体、事实、时间、金额、口径并绑定原文证据
DDQ.153,T_CALCULATE_METRIC,required,从原始数据计算对应指标、趋势或敏感性
DDQ.154,T_VERIFY_DOCUMENT,required,核验关键文件是否存在、有效、完整，并检查签章/日期/主体
DDQ.155,T_ANALYZE,required,基于事实、关系和历史趋势形成风险/合理性分析
DDQ.156,T_ANALYZE,required,基于事实、关系和历史趋势形成风险/合理性分析
DDQ.157,T_EXTRACT_FACT,required,从指定材料提取实体、事实、时间、金额、口径并绑定原文证据
DDQ.158,T_VERIFY_DOCUMENT,required,核验关键文件是否存在、有效、完整，并检查签章/日期/主体
DDQ.159,T_VERIFY_DOCUMENT,required,核验关键文件是否存在、有效、完整，并检查签章/日期/主体
DDQ.159,T_CALCULATE_METRIC,required,从原始数据计算对应指标、趋势或敏感性
DDQ.159,T_ANALYZE,required,基于事实、关系和历史趋势形成风险/合理性分析
DDQ.160,T_VERIFY_DOCUMENT,required,核验关键文件是否存在、有效、完整，并检查签章/日期/主体
DDQ.161,T_EXTRACT_FACT,required,从指定材料提取实体、事实、时间、金额、口径并绑定原文证据
DDQ.162,T_EXTERNAL_VERIFY,required,通过公开信息或独立第三方来源进行外部核验
DDQ.162,T_CALCULATE_METRIC,required,从原始数据计算对应指标、趋势或敏感性
DDQ.162,T_CROSS_CHECK,required,跨文档/跨来源勾稽同一事实，识别口径差异和冲突
DDQ.163,T_EXTRACT_FACT,required,从指定材料提取实体、事实、时间、金额、口径并绑定原文证据
DDQ.164,T_CALCULATE_METRIC,required,从原始数据计算对应指标、趋势或敏感性
DDQ.165,T_EXTRACT_FACT,required,从指定材料提取实体、事实、时间、金额、口径并绑定原文证据
DDQ.166,T_CALCULATE_METRIC,required,从原始数据计算对应指标、趋势或敏感性
DDQ.166,T_CROSS_CHECK,required,跨文档/跨来源勾稽同一事实，识别口径差异和冲突
DDQ.166,T_ANALYZE,required,基于事实、关系和历史趋势形成风险/合理性分析
DDQ.167,T_EXTRACT_FACT,required,从指定材料提取实体、事实、时间、金额、口径并绑定原文证据
DDQ.168,T_CALCULATE_METRIC,required,从原始数据计算对应指标、趋势或敏感性
DDQ.169,T_ANALYZE,required,基于事实、关系和历史趋势形成风险/合理性分析
DDQ.170,T_VERIFY_DOCUMENT,required,核验关键文件是否存在、有效、完整，并检查签章/日期/主体
DDQ.170,T_CALCULATE_METRIC,required,从原始数据计算对应指标、趋势或敏感性
DDQ.171,T_CALCULATE_METRIC,required,从原始数据计算对应指标、趋势或敏感性
DDQ.172,T_CALCULATE_METRIC,required,从原始数据计算对应指标、趋势或敏感性
DDQ.172,T_CROSS_CHECK,required,跨文档/跨来源勾稽同一事实，识别口径差异和冲突
DDQ.173,T_VERIFY_DOCUMENT,required,核验关键文件是否存在、有效、完整，并检查签章/日期/主体
DDQ.174,T_EXTRACT_FACT,required,从指定材料提取实体、事实、时间、金额、口径并绑定原文证据
DDQ.175,T_CROSS_CHECK,required,跨文档/跨来源勾稽同一事实，识别口径差异和冲突
DDQ.176,T_VERIFY_DOCUMENT,required,核验关键文件是否存在、有效、完整，并检查签章/日期/主体
DDQ.176,T_CROSS_CHECK,required,跨文档/跨来源勾稽同一事实，识别口径差异和冲突
DDQ.177,T_VERIFY_DOCUMENT,required,核验关键文件是否存在、有效、完整，并检查签章/日期/主体
DDQ.178,T_VERIFY_DOCUMENT,required,核验关键文件是否存在、有效、完整，并检查签章/日期/主体
DDQ.179,T_VERIFY_DOCUMENT,required,核验关键文件是否存在、有效、完整，并检查签章/日期/主体
DDQ.179,T_EXTERNAL_VERIFY,required,通过公开信息或独立第三方来源进行外部核验
DDQ.179,T_CROSS_CHECK,required,跨文档/跨来源勾稽同一事实，识别口径差异和冲突
DDQ.180,T_VERIFY_DOCUMENT,required,核验关键文件是否存在、有效、完整，并检查签章/日期/主体
DDQ.181,T_CROSS_CHECK,required,跨文档/跨来源勾稽同一事实，识别口径差异和冲突
DDQ.182,T_VERIFY_DOCUMENT,required,核验关键文件是否存在、有效、完整，并检查签章/日期/主体
DDQ.183,T_VERIFY_DOCUMENT,required,核验关键文件是否存在、有效、完整，并检查签章/日期/主体
DDQ.184,T_ANALYZE,required,基于事实、关系和历史趋势形成风险/合理性分析
DDQ.185,T_EXTRACT_FACT,required,从指定材料提取实体、事实、时间、金额、口径并绑定原文证据
DDQ.186,T_CALCULATE_METRIC,required,从原始数据计算对应指标、趋势或敏感性
DDQ.187,T_VERIFY_DOCUMENT,required,核验关键文件是否存在、有效、完整，并检查签章/日期/主体
DDQ.187,T_EXTERNAL_VERIFY,required,通过公开信息或独立第三方来源进行外部核验
DDQ.188,T_VERIFY_DOCUMENT,required,核验关键文件是否存在、有效、完整，并检查签章/日期/主体
DDQ.188,T_ANALYZE,required,基于事实、关系和历史趋势形成风险/合理性分析
DDQ.189,T_EXTERNAL_VERIFY,required,通过公开信息或独立第三方来源进行外部核验
DDQ.189,T_ANALYZE,required,基于事实、关系和历史趋势形成风险/合理性分析
DDQ.190,T_CALCULATE_METRIC,required,从原始数据计算对应指标、趋势或敏感性
DDQ.191,T_VERIFY_DOCUMENT,required,核验关键文件是否存在、有效、完整，并检查签章/日期/主体
DDQ.191,T_ANALYZE,required,基于事实、关系和历史趋势形成风险/合理性分析
DDQ.192,T_EXTERNAL_VERIFY,required,通过公开信息或独立第三方来源进行外部核验
DDQ.193,T_VERIFY_DOCUMENT,required,核验关键文件是否存在、有效、完整，并检查签章/日期/主体
DDQ.193,T_ANALYZE,required,基于事实、关系和历史趋势形成风险/合理性分析
DDQ.194,T_CALCULATE_METRIC,required,从原始数据计算对应指标、趋势或敏感性
DDQ.195,T_VERIFY_DOCUMENT,required,核验关键文件是否存在、有效、完整，并检查签章/日期/主体
DDQ.196,T_VERIFY_DOCUMENT,required,核验关键文件是否存在、有效、完整，并检查签章/日期/主体
DDQ.197,T_ANALYZE,required,基于事实、关系和历史趋势形成风险/合理性分析
DDQ.198,T_CALCULATE_METRIC,required,从原始数据计算对应指标、趋势或敏感性
DDQ.199,T_ANALYZE,required,基于事实、关系和历史趋势形成风险/合理性分析
DDQ.200,T_VERIFY_DOCUMENT,required,核验关键文件是否存在、有效、完整，并检查签章/日期/主体
DDQ.200,T_ANALYZE,required,基于事实、关系和历史趋势形成风险/合理性分析
DDQ.201,T_VERIFY_DOCUMENT,required,核验关键文件是否存在、有效、完整，并检查签章/日期/主体
DDQ.201,T_EXTERNAL_VERIFY,required,通过公开信息或独立第三方来源进行外部核验
DDQ.202,T_VERIFY_DOCUMENT,required,核验关键文件是否存在、有效、完整，并检查签章/日期/主体
DDQ.202,T_CALCULATE_METRIC,required,从原始数据计算对应指标、趋势或敏感性
DDQ.203,T_CALCULATE_METRIC,required,从原始数据计算对应指标、趋势或敏感性
DDQ.203,T_ANALYZE,required,基于事实、关系和历史趋势形成风险/合理性分析
DDQ.204,T_CALCULATE_METRIC,required,从原始数据计算对应指标、趋势或敏感性
DDQ.204,T_CROSS_CHECK,required,跨文档/跨来源勾稽同一事实，识别口径差异和冲突
DDQ.205,T_VERIFY_DOCUMENT,required,核验关键文件是否存在、有效、完整，并检查签章/日期/主体
DDQ.205,T_ANALYZE,required,基于事实、关系和历史趋势形成风险/合理性分析
DDQ.206,T_VERIFY_DOCUMENT,required,核验关键文件是否存在、有效、完整，并检查签章/日期/主体
DDQ.206,T_EXTERNAL_VERIFY,required,通过公开信息或独立第三方来源进行外部核验
DDQ.207,T_CALCULATE_METRIC,required,从原始数据计算对应指标、趋势或敏感性
DDQ.207,T_ANALYZE,required,基于事实、关系和历史趋势形成风险/合理性分析
DDQ.208,T_CALCULATE_METRIC,required,从原始数据计算对应指标、趋势或敏感性
DDQ.208,T_ANALYZE,required,基于事实、关系和历史趋势形成风险/合理性分析
DDQ.209,T_CALCULATE_METRIC,required,从原始数据计算对应指标、趋势或敏感性
DDQ.209,T_CROSS_CHECK,required,跨文档/跨来源勾稽同一事实，识别口径差异和冲突
DDQ.210,T_CALCULATE_METRIC,required,从原始数据计算对应指标、趋势或敏感性
DDQ.210,T_ANALYZE,required,基于事实、关系和历史趋势形成风险/合理性分析
DDQ.211,T_CALCULATE_METRIC,required,从原始数据计算对应指标、趋势或敏感性
DDQ.211,T_CROSS_CHECK,required,跨文档/跨来源勾稽同一事实，识别口径差异和冲突
DDQ.212,T_CALCULATE_METRIC,required,从原始数据计算对应指标、趋势或敏感性
DDQ.212,T_ANALYZE,required,基于事实、关系和历史趋势形成风险/合理性分析
DDQ.213,T_CALCULATE_METRIC,required,从原始数据计算对应指标、趋势或敏感性
DDQ.213,T_VERIFY_DOCUMENT,required,核验关键文件是否存在、有效、完整，并检查签章/日期/主体
DDQ.214,T_CALCULATE_METRIC,required,从原始数据计算对应指标、趋势或敏感性
DDQ.214,T_ANALYZE,required,基于事实、关系和历史趋势形成风险/合理性分析
DDQ.215,T_CALCULATE_METRIC,required,从原始数据计算对应指标、趋势或敏感性
DDQ.215,T_ANALYZE,required,基于事实、关系和历史趋势形成风险/合理性分析
DDQ.216,T_CALCULATE_METRIC,required,从原始数据计算对应指标、趋势或敏感性
DDQ.216,T_ANALYZE,required,基于事实、关系和历史趋势形成风险/合理性分析
DDQ.217,T_ANALYZE,required,基于事实、关系和历史趋势形成风险/合理性分析
DDQ.217,T_ASK_HUMAN,required,生成管理层/律师/财务顾问补充问题
DDQ.218,T_ANALYZE,required,基于事实、关系和历史趋势形成风险/合理性分析
DDQ.219,T_CALCULATE_METRIC,required,从原始数据计算对应指标、趋势或敏感性
DDQ.219,T_ANALYZE,required,基于事实、关系和历史趋势形成风险/合理性分析
DDQ.220,T_ANALYZE,required,基于事实、关系和历史趋势形成风险/合理性分析
DDQ.220,T_ASK_HUMAN,required,生成管理层/律师/财务顾问补充问题
DDQ.221,T_ANALYZE,required,基于事实、关系和历史趋势形成风险/合理性分析
DDQ.221,T_CALCULATE_METRIC,required,从原始数据计算对应指标、趋势或敏感性
DDQ.222,T_VERIFY_DOCUMENT,required,核验关键文件是否存在、有效、完整，并检查签章/日期/主体
DDQ.222,T_CALCULATE_METRIC,required,从原始数据计算对应指标、趋势或敏感性
DDQ.223,T_VERIFY_DOCUMENT,required,核验关键文件是否存在、有效、完整，并检查签章/日期/主体
DDQ.223,T_ANALYZE,required,基于事实、关系和历史趋势形成风险/合理性分析
DDQ.224,T_CALCULATE_METRIC,required,从原始数据计算对应指标、趋势或敏感性
DDQ.225,T_VERIFY_DOCUMENT,required,核验关键文件是否存在、有效、完整，并检查签章/日期/主体
DDQ.226,T_CALCULATE_METRIC,required,从原始数据计算对应指标、趋势或敏感性
DDQ.226,T_VERIFY_DOCUMENT,required,核验关键文件是否存在、有效、完整，并检查签章/日期/主体
DDQ.227,T_CALCULATE_METRIC,required,从原始数据计算对应指标、趋势或敏感性
DDQ.227,T_ANALYZE,required,基于事实、关系和历史趋势形成风险/合理性分析
DDQ.228,T_CALCULATE_METRIC,required,从原始数据计算对应指标、趋势或敏感性
DDQ.229,T_VERIFY_DOCUMENT,required,核验关键文件是否存在、有效、完整，并检查签章/日期/主体
DDQ.229,T_CALCULATE_METRIC,required,从原始数据计算对应指标、趋势或敏感性
DDQ.230,T_CALCULATE_METRIC,required,从原始数据计算对应指标、趋势或敏感性
DDQ.230,T_ANALYZE,required,基于事实、关系和历史趋势形成风险/合理性分析
DDQ.231,T_CALCULATE_METRIC,required,从原始数据计算对应指标、趋势或敏感性
DDQ.231,T_ANALYZE,required,基于事实、关系和历史趋势形成风险/合理性分析
DDQ.232,T_CALCULATE_METRIC,required,从原始数据计算对应指标、趋势或敏感性
DDQ.232,T_ANALYZE,required,基于事实、关系和历史趋势形成风险/合理性分析
DDQ.233,T_CALCULATE_METRIC,required,从原始数据计算对应指标、趋势或敏感性
DDQ.233,T_CROSS_CHECK,required,跨文档/跨来源勾稽同一事实，识别口径差异和冲突
DDQ.234,T_CALCULATE_METRIC,required,从原始数据计算对应指标、趋势或敏感性
DDQ.234,T_ANALYZE,required,基于事实、关系和历史趋势形成风险/合理性分析
DDQ.234,T_RISK_EXPAND,required,依据Risk Rule触发二次调查问题与任务
DDQ.235,T_VERIFY_DOCUMENT,required,核验关键文件是否存在、有效、完整，并检查签章/日期/主体
DDQ.235,T_CALCULATE_METRIC,required,从原始数据计算对应指标、趋势或敏感性
DDQ.236,T_VERIFY_DOCUMENT,required,核验关键文件是否存在、有效、完整，并检查签章/日期/主体
DDQ.236,T_ANALYZE,required,基于事实、关系和历史趋势形成风险/合理性分析
DDQ.237,T_CALCULATE_METRIC,required,从原始数据计算对应指标、趋势或敏感性
DDQ.238,T_CALCULATE_METRIC,required,从原始数据计算对应指标、趋势或敏感性
DDQ.238,T_ANALYZE,required,基于事实、关系和历史趋势形成风险/合理性分析
DDQ.239,T_CALCULATE_METRIC,required,从原始数据计算对应指标、趋势或敏感性
DDQ.240,T_CALCULATE_METRIC,required,从原始数据计算对应指标、趋势或敏感性
DDQ.240,T_ANALYZE,required,基于事实、关系和历史趋势形成风险/合理性分析
DDQ.241,T_CALCULATE_METRIC,required,从原始数据计算对应指标、趋势或敏感性
DDQ.241,T_ANALYZE,required,基于事实、关系和历史趋势形成风险/合理性分析
DDQ.242,T_CALCULATE_METRIC,required,从原始数据计算对应指标、趋势或敏感性
DDQ.242,T_ANALYZE,required,基于事实、关系和历史趋势形成风险/合理性分析
DDQ.242,T_RISK_EXPAND,required,依据Risk Rule触发二次调查问题与任务
DDQ.243,T_CALCULATE_METRIC,required,从原始数据计算对应指标、趋势或敏感性
DDQ.244,T_ANALYZE,required,基于事实、关系和历史趋势形成风险/合理性分析
DDQ.244,T_CALCULATE_METRIC,required,从原始数据计算对应指标、趋势或敏感性
DDQ.245,T_CALCULATE_METRIC,required,从原始数据计算对应指标、趋势或敏感性
DDQ.246,T_CALCULATE_METRIC,required,从原始数据计算对应指标、趋势或敏感性
DDQ.246,T_ANALYZE,required,基于事实、关系和历史趋势形成风险/合理性分析
DDQ.247,T_CALCULATE_METRIC,required,从原始数据计算对应指标、趋势或敏感性
DDQ.247,T_ANALYZE,required,基于事实、关系和历史趋势形成风险/合理性分析
DDQ.248,T_ANALYZE,required,基于事实、关系和历史趋势形成风险/合理性分析
DDQ.249,T_VERIFY_DOCUMENT,required,核验关键文件是否存在、有效、完整，并检查签章/日期/主体
DDQ.249,T_EXTERNAL_VERIFY,required,通过公开信息或独立第三方来源进行外部核验
DDQ.250,T_ANALYZE,required,基于事实、关系和历史趋势形成风险/合理性分析
DDQ.250,T_VERIFY_DOCUMENT,required,核验关键文件是否存在、有效、完整，并检查签章/日期/主体
DDQ.251,T_VERIFY_DOCUMENT,required,核验关键文件是否存在、有效、完整，并检查签章/日期/主体
DDQ.251,T_ANALYZE,required,基于事实、关系和历史趋势形成风险/合理性分析
DDQ.252,T_CALCULATE_METRIC,required,从原始数据计算对应指标、趋势或敏感性
DDQ.252,T_ANALYZE,required,基于事实、关系和历史趋势形成风险/合理性分析
DDQ.252,T_ASK_HUMAN,required,生成管理层/律师/财务顾问补充问题
DDQ.253,T_CALCULATE_METRIC,required,从原始数据计算对应指标、趋势或敏感性
DDQ.253,T_ANALYZE,required,基于事实、关系和历史趋势形成风险/合理性分析
DDQ.254,T_CALCULATE_METRIC,required,从原始数据计算对应指标、趋势或敏感性
DDQ.254,T_ANALYZE,required,基于事实、关系和历史趋势形成风险/合理性分析
DDQ.255,T_CALCULATE_METRIC,required,从原始数据计算对应指标、趋势或敏感性
DDQ.255,T_CROSS_CHECK,required,跨文档/跨来源勾稽同一事实，识别口径差异和冲突
DDQ.256,T_ANALYZE,required,基于事实、关系和历史趋势形成风险/合理性分析
DDQ.257,T_ANALYZE,required,基于事实、关系和历史趋势形成风险/合理性分析
DDQ.257,T_ASK_HUMAN,required,生成管理层/律师/财务顾问补充问题
