id,name_or_condition,domain_or_type,object_type,risk_or_source,version,risk_id,severity,condition,trigger_type
CORP.001,CompanyName,CORP,metric,canonical_ontology,v0.3/569-file,,,,
CORP.002,LegalEntityType,CORP,metric,canonical_ontology,v0.3/569-file,,,,
CORP.003,RegistrationNumber,CORP,metric,canonical_ontology,v0.3/569-file,,,,
CORP.004,EstablishmentDate,CORP,metric,canonical_ontology,v0.3/569-file,,,,
CORP.005,RegisteredCapital,CORP,metric,canonical_ontology,v0.3/569-file,,,,
CORP.006,PaidInCapital,CORP,metric,canonical_ontology,v0.3/569-file,,,,
CORP.007,RegisteredAddress,CORP,metric,canonical_ontology,v0.3/569-file,,,,
CORP.008,OperatingAddress,CORP,metric,canonical_ontology,v0.3/569-file,,,,
CORP.009,BusinessScope,CORP,metric,canonical_ontology,v0.3/569-file,,,,
CORP.010,BusinessStatus,CORP,metric,canonical_ontology,v0.3/569-file,,,,
CORP.011,TotalShares,CORP,metric,canonical_ontology,v0.3/569-file,,,,
CORP.012,ShareholderCount,CORP,metric,canonical_ontology,v0.3/569-file,,,,
CORP.013,Top1ShareholderRatio,CORP,metric,canonical_ontology,v0.3/569-file,,,,
CORP.014,Top3ShareholderRatio,CORP,metric,canonical_ontology,v0.3/569-file,,,,
CORP.015,Top5ShareholderRatio,CORP,metric,canonical_ontology,v0.3/569-file,,,,
CORP.016,FounderOwnership,CORP,metric,canonical_ontology,v0.3/569-file,,,,
CORP.017,ManagementOwnership,CORP,metric,canonical_ontology,v0.3/569-file,,,,
CORP.018,EmployeeOwnership,CORP,metric,canonical_ontology,v0.3/569-file,,,,
CORP.019,InstitutionalOwnership,CORP,metric,canonical_ontology,v0.3/569-file,,,,
CORP.020,ForeignOwnership,CORP,metric,canonical_ontology,v0.3/569-file,,,,
CORP.021,UltimateBeneficialOwner,CORP,metric,canonical_ontology,v0.3/569-file,,,,
CORP.022,VotingRightsRatio,CORP,metric,canonical_ontology,v0.3/569-file,,,,
CORP.023,ControlRightsRatio,CORP,metric,canonical_ontology,v0.3/569-file,,,,
CORP.024,FounderControlRatio,CORP,metric,canonical_ontology,v0.3/569-file,,,,
CORP.025,BoardControlRatio,CORP,metric,canonical_ontology,v0.3/569-file,,,,
CORP.026,VetoRights,CORP,metric,canonical_ontology,v0.3/569-file,,,,
CORP.027,ConcertPartyArrangement,CORP,metric,canonical_ontology,v0.3/569-file,,,,
CORP.028,ControlChainLength,CORP,metric,canonical_ontology,v0.3/569-file,,,,
CORP.029,ControlComplexity,CORP,metric,canonical_ontology,v0.3/569-file,,,,
CORP.030,ControlStability,CORP,metric,canonical_ontology,v0.3/569-file,,,,
CORP.031,SubsidiaryCount,CORP,metric,canonical_ontology,v0.3/569-file,,,,
CORP.032,ControlledSubsidiaryRatio,CORP,metric,canonical_ontology,v0.3/569-file,,,,
CORP.033,AssociateCount,CORP,metric,canonical_ontology,v0.3/569-file,,,,
CORP.034,JointVentureCount,CORP,metric,canonical_ontology,v0.3/569-file,,,,
CORP.035,ConsolidationScope,CORP,metric,canonical_ontology,v0.3/569-file,,,,
CORP.036,RelatedPartyCount,CORP,metric,canonical_ontology,v0.3/569-file,,,,
CORP.037,RelatedPartyTransactionRatio,CORP,metric,canonical_ontology,v0.3/569-file,,,,
CORP.038,RelatedPartyReceivable,CORP,metric,canonical_ontology,v0.3/569-file,,,,
CORP.039,RelatedPartyPayable,CORP,metric,canonical_ontology,v0.3/569-file,,,,
CORP.040,RelatedPartyCapitalOccupation,CORP,metric,canonical_ontology,v0.3/569-file,,,,
CORP.041,CorporateLifecycleStatus,CORP,metric,canonical_ontology,v0.3/569-file,,,,
CORP.042,CorporateRegistrationAnomalies,CORP,metric,canonical_ontology,v0.3/569-file,,,,
CORP.043,DormantShellEntityExposure,CORP,metric,canonical_ontology,v0.3/569-file,,,,
CORP.044,CorporateInformationCompleteness,CORP,metric,canonical_ontology,v0.3/569-file,,,,
CORP.045,CorporateDataConsistency,CORP,metric,canonical_ontology,v0.3/569-file,,,,
MGMT.001,FounderAge,MGMT,metric,canonical_ontology,v0.3/569-file,,,,
MGMT.002,FounderEducation,MGMT,metric,canonical_ontology,v0.3/569-file,,,,
MGMT.003,FounderIndustryExperience,MGMT,metric,canonical_ontology,v0.3/569-file,,,,
MGMT.004,FounderManagementExperience,MGMT,metric,canonical_ontology,v0.3/569-file,,,,
MGMT.005,FounderEntrepreneurialExperience,MGMT,metric,canonical_ontology,v0.3/569-file,,,,
MGMT.006,FounderTenure,MGMT,metric,canonical_ontology,v0.3/569-file,,,,
MGMT.007,FounderOwnership,MGMT,metric,canonical_ontology,v0.3/569-file,,,,
MGMT.008,FounderControl,MGMT,metric,canonical_ontology,v0.3/569-file,,,,
MGMT.009,FounderReputation,MGMT,metric,canonical_ontology,v0.3/569-file,,,,
MGMT.010,FounderDependency,MGMT,metric,canonical_ontology,v0.3/569-file,,,,
MGMT.011,ManagementTeamSize,MGMT,metric,canonical_ontology,v0.3/569-file,,,,
MGMT.012,AverageManagementTenure,MGMT,metric,canonical_ontology,v0.3/569-file,,,,
MGMT.013,ManagementTurnover,MGMT,metric,canonical_ontology,v0.3/569-file,,,,
MGMT.014,CEO_Tenure,MGMT,metric,canonical_ontology,v0.3/569-file,,,,
MGMT.015,CFO_Tenure,MGMT,metric,canonical_ontology,v0.3/569-file,,,,
MGMT.016,CTO_Tenure,MGMT,metric,canonical_ontology,v0.3/569-file,,,,
MGMT.017,SalesHeadTenure,MGMT,metric,canonical_ontology,v0.3/569-file,,,,
MGMT.018,OperationsHeadTenure,MGMT,metric,canonical_ontology,v0.3/569-file,,,,
MGMT.019,KeyManagementVacancy,MGMT,metric,canonical_ontology,v0.3/569-file,,,,
MGMT.020,ManagementSuccessionPlan,MGMT,metric,canonical_ontology,v0.3/569-file,,,,
MGMT.021,EmployeeCount,MGMT,metric,canonical_ontology,v0.3/569-file,,,,
MGMT.022,EmployeeGrowthRate,MGMT,metric,canonical_ontology,v0.3/569-file,,,,
MGMT.023,EmployeeTurnoverRate,MGMT,metric,canonical_ontology,v0.3/569-file,,,,
MGMT.024,AverageEmployeeTenure,MGMT,metric,canonical_ontology,v0.3/569-file,,,,
MGMT.025,AverageEmployeeCost,MGMT,metric,canonical_ontology,v0.3/569-file,,,,
MGMT.026,SalesHeadcount,MGMT,metric,canonical_ontology,v0.3/569-file,,,,
MGMT.027,SalesHeadcountRatio,MGMT,metric,canonical_ontology,v0.3/569-file,,,,
MGMT.028,ManagementHeadcount,MGMT,metric,canonical_ontology,v0.3/569-file,,,,
MGMT.029,RevenuePerEmployee,MGMT,metric,canonical_ontology,v0.3/569-file,,,,
MGMT.030,EBITDAPerEmployee,MGMT,metric,canonical_ontology,v0.3/569-file,,,,
MGMT.031,ManagementSpan,MGMT,metric,canonical_ontology,v0.3/569-file,,,,
MGMT.032,OrganizationalLayerCount,MGMT,metric,canonical_ontology,v0.3/569-file,,,,
MGMT.033,CriticalRoleCoverage,MGMT,metric,canonical_ontology,v0.3/569-file,,,,
MGMT.034,TalentRetentionCapability,MGMT,metric,canonical_ontology,v0.3/569-file,,,,
MGMT.035,ManagementBenchStrength,MGMT,metric,canonical_ontology,v0.3/569-file,,,,
MGMT.036,KeyRoleVacancy,MGMT,metric,canonical_ontology,v0.3/569-file,,,,
MGMT.037,ManagementCapabilityGap,MGMT,metric,canonical_ontology,v0.3/569-file,,,,
MGMT.038,ManagementScalability,MGMT,metric,canonical_ontology,v0.3/569-file,,,,
MGMT.039,FunctionalTeamSpecializationScore,MGMT,metric,canonical_ontology,v0.3/569-file,,,,
MGMT.040,FunctionalTeamSizeVsBenchmark,MGMT,metric,canonical_ontology,v0.3/569-file,,,,
MGMT.041,FunctionalTeamAttritionRate,MGMT,metric,canonical_ontology,v0.3/569-file,,,,
BMOD.001,BusinessModelType,BMOD,metric,canonical_ontology,v0.3/569-file,,,,
BMOD.002,RevenueModelType,BMOD,metric,canonical_ontology,v0.3/569-file,,,,
BMOD.003,CostModelType,BMOD,metric,canonical_ontology,v0.3/569-file,,,,
BMOD.004,ValueProposition,BMOD,metric,canonical_ontology,v0.3/569-file,,,,
BMOD.005,TargetCustomerType,BMOD,metric,canonical_ontology,v0.3/569-file,,,,
BMOD.006,SalesModelType,BMOD,metric,canonical_ontology,v0.3/569-file,,,,
BMOD.007,DistributionModel,BMOD,metric,canonical_ontology,v0.3/569-file,,,,
BMOD.008,MonetizationMechanism,BMOD,metric,canonical_ontology,v0.3/569-file,,,,
BMOD.009,RecurringRevenueRatio,BMOD,metric,canonical_ontology,v0.3/569-file,,,,
BMOD.010,NonRecurringRevenueRatio,BMOD,metric,canonical_ontology,v0.3/569-file,,,,
BMOD.011,ProductRevenueRatio,BMOD,metric,canonical_ontology,v0.3/569-file,,,,
BMOD.012,ServiceRevenueRatio,BMOD,metric,canonical_ontology,v0.3/569-file,,,,
BMOD.013,SubscriptionRevenueRatio,BMOD,metric,canonical_ontology,v0.3/569-file,,,,
BMOD.014,ProjectRevenueRatio,BMOD,metric,canonical_ontology,v0.3/569-file,,,,
BMOD.015,LicensingRevenueRatio,BMOD,metric,canonical_ontology,v0.3/569-file,,,,
BMOD.016,DomesticRevenueRatio,BMOD,metric,canonical_ontology,v0.3/569-file,,,,
BMOD.017,OverseasRevenueRatio,BMOD,metric,canonical_ontology,v0.3/569-file,,,,
BMOD.018,B2BRevenueRatio,BMOD,metric,canonical_ontology,v0.3/569-file,,,,
BMOD.019,B2CRevenueRatio,BMOD,metric,canonical_ontology,v0.3/569-file,,,,
BMOD.020,NewBusinessRevenueRatio,BMOD,metric,canonical_ontology,v0.3/569-file,,,,
BMOD.021,AverageRevenuePerCustomer,BMOD,metric,canonical_ontology,v0.3/569-file,,,,
BMOD.022,CustomerAcquisitionCost,BMOD,metric,canonical_ontology,v0.3/569-file,,,,
BMOD.023,CustomerLifetimeValue,BMOD,metric,canonical_ontology,v0.3/569-file,,,,
BMOD.024,LTV_CAC,BMOD,metric,canonical_ontology,v0.3/569-file,,,,
BMOD.025,CACPaybackPeriod,BMOD,metric,canonical_ontology,v0.3/569-file,,,,
BMOD.026,ContributionMargin,BMOD,metric,canonical_ontology,v0.3/569-file,,,,
BMOD.027,ContributionMarginPerCustomer,BMOD,metric,canonical_ontology,v0.3/569-file,,,,
BMOD.028,AverageSellingPrice,BMOD,metric,canonical_ontology,v0.3/569-file,,,,
BMOD.029,AverageOrderValue,BMOD,metric,canonical_ontology,v0.3/569-file,,,,
BMOD.030,RevenuePerTransaction,BMOD,metric,canonical_ontology,v0.3/569-file,,,,
BMOD.031,SingleProductRevenueRatio,BMOD,metric,canonical_ontology,v0.3/569-file,,,,
BMOD.032,SingleCustomerRevenueRatio,BMOD,metric,canonical_ontology,v0.3/569-file,,,,
BMOD.033,SingleChannelRevenueRatio,BMOD,metric,canonical_ontology,v0.3/569-file,,,,
BMOD.034,SingleRegionRevenueRatio,BMOD,metric,canonical_ontology,v0.3/569-file,,,,
BMOD.035,PolicyDependentRevenueRatio,BMOD,metric,canonical_ontology,v0.3/569-file,,,,
CUST.001,CustomerCount,CUST,metric,canonical_ontology,v0.3/569-file,,,,
CUST.002,ActiveCustomerCount,CUST,metric,canonical_ontology,v0.3/569-file,,,,
CUST.003,NewCustomerCount,CUST,metric,canonical_ontology,v0.3/569-file,,,,
CUST.004,LostCustomerCount,CUST,metric,canonical_ontology,v0.3/569-file,,,,
CUST.005,CustomerGrowthRate,CUST,metric,canonical_ontology,v0.3/569-file,,,,
CUST.006,CustomerAverageTenure,CUST,metric,canonical_ontology,v0.3/569-file,,,,
CUST.007,CustomerRepeatRate,CUST,metric,canonical_ontology,v0.3/569-file,,,,
CUST.008,CustomerRetentionRate,CUST,metric,canonical_ontology,v0.3/569-file,,,,
CUST.009,CustomerChurnRate,CUST,metric,canonical_ontology,v0.3/569-file,,,,
CUST.010,CustomerReactivationRate,CUST,metric,canonical_ontology,v0.3/569-file,,,,
CUST.011,Top1CustomerRevenueRatio,CUST,metric,canonical_ontology,v0.3/569-file,,,,
CUST.012,Top3CustomerRevenueRatio,CUST,metric,canonical_ontology,v0.3/569-file,,,,
CUST.013,Top5CustomerRevenueRatio,CUST,metric,canonical_ontology,v0.3/569-file,,,,
CUST.014,Top10CustomerRevenueRatio,CUST,metric,canonical_ontology,v0.3/569-file,,,,
CUST.015,CustomerHHI,CUST,metric,canonical_ontology,v0.3/569-file,,,,
CUST.016,Top1CustomerGrossProfitRatio,CUST,metric,canonical_ontology,v0.3/569-file,,,,
CUST.017,Top5CustomerGrossProfitRatio,CUST,metric,canonical_ontology,v0.3/569-file,,,,
CUST.018,StrategicCustomerRatio,CUST,metric,canonical_ontology,v0.3/569-file,,,,
CUST.019,RelatedCustomerRevenueRatio,CUST,metric,canonical_ontology,v0.3/569-file,,,,
CUST.020,OverseasCustomerRatio,CUST,metric,canonical_ontology,v0.3/569-file,,,,
CUST.021,CustomerCreditQuality,CUST,metric,canonical_ontology,v0.3/569-file,,,,
CUST.022,CustomerProfitability,CUST,metric,canonical_ontology,v0.3/569-file,,,,
CUST.023,CustomerGrossMargin,CUST,metric,canonical_ontology,v0.3/569-file,,,,
CUST.024,CustomerPaymentDays,CUST,metric,canonical_ontology,v0.3/569-file,,,,
CUST.025,CustomerAR,CUST,metric,canonical_ontology,v0.3/569-file,,,,
CUST.026,CustomerOverdueRatio,CUST,metric,canonical_ontology,v0.3/569-file,,,,
CUST.027,CustomerBadDebtRatio,CUST,metric,canonical_ontology,v0.3/569-file,,,,
CUST.028,CustomerContractCoverage,CUST,metric,canonical_ontology,v0.3/569-file,,,,
CUST.029,CustomerRenewalProbability,CUST,metric,canonical_ontology,v0.3/569-file,,,,
CUST.030,CustomerDependencyScore,CUST,metric,canonical_ontology,v0.3/569-file,,,,
CUST.031,ActiveContractCount,CUST,metric,canonical_ontology,v0.3/569-file,,,,
CUST.032,ContractValue,CUST,metric,canonical_ontology,v0.3/569-file,,,,
CUST.033,ContractBacklog,CUST,metric,canonical_ontology,v0.3/569-file,,,,
CUST.034,ContractAverageDuration,CUST,metric,canonical_ontology,v0.3/569-file,,,,
CUST.035,ContractRenewalRate,CUST,metric,canonical_ontology,v0.3/569-file,,,,
CUST.036,ContractTerminationRate,CUST,metric,canonical_ontology,v0.3/569-file,,,,
CUST.037,ContractPriceAdjustmentMechanism,CUST,metric,canonical_ontology,v0.3/569-file,,,,
CUST.038,ContractExclusivityRatio,CUST,metric,canonical_ontology,v0.3/569-file,,,,
CUST.039,MinimumPurchaseCommitment,CUST,metric,canonical_ontology,v0.3/569-file,,,,
CUST.040,ChangeOfControlClauseRatio,CUST,metric,canonical_ontology,v0.3/569-file,,,,
CUST.041,OrderCount,CUST,metric,canonical_ontology,v0.3/569-file,,,,
CUST.042,OrderValue,CUST,metric,canonical_ontology,v0.3/569-file,,,,
CUST.043,OrderGrowthRate,CUST,metric,canonical_ontology,v0.3/569-file,,,,
CUST.044,AverageOrderValue,CUST,metric,canonical_ontology,v0.3/569-file,,,,
CUST.045,OrderConversionRate,CUST,metric,canonical_ontology,v0.3/569-file,,,,
CUST.046,OrderCancellationRate,CUST,metric,canonical_ontology,v0.3/569-file,,,,
CUST.047,OrderFulfillmentRate,CUST,metric,canonical_ontology,v0.3/569-file,,,,
CUST.048,OrderBacklog,CUST,metric,canonical_ontology,v0.3/569-file,,,,
CUST.049,BacklogCoverageMonths,CUST,metric,canonical_ontology,v0.3/569-file,,,,
CUST.050,BacklogConversionRate,CUST,metric,canonical_ontology,v0.3/569-file,,,,
CUST.051,LeadCount,CUST,metric,canonical_ontology,v0.3/569-file,,,,
CUST.052,QualifiedLeadCount,CUST,metric,canonical_ontology,v0.3/569-file,,,,
CUST.053,SalesPipelineValue,CUST,metric,canonical_ontology,v0.3/569-file,,,,
CUST.054,PipelineCoverage,CUST,metric,canonical_ontology,v0.3/569-file,,,,
CUST.055,OpportunityConversionRate,CUST,metric,canonical_ontology,v0.3/569-file,,,,
CUST.056,WinRate,CUST,metric,canonical_ontology,v0.3/569-file,,,,
CUST.057,AverageSalesCycle,CUST,metric,canonical_ontology,v0.3/569-file,,,,
CUST.058,SalesRepProductivity,CUST,metric,canonical_ontology,v0.3/569-file,,,,
CUST.059,SalesExpenseRatio,CUST,metric,canonical_ontology,v0.3/569-file,,,,
CUST.060,SalesEfficiency,CUST,metric,canonical_ontology,v0.3/569-file,,,,
CUST.061,RepurchaseRate,CUST,metric,canonical_ontology,v0.3/569-file,,,,
PROD.001,ProductCount,PROD,metric,canonical_ontology,v0.3/569-file,,,,
PROD.002,ActiveSKUCount,PROD,metric,canonical_ontology,v0.3/569-file,,,,
PROD.003,NewProductCount,PROD,metric,canonical_ontology,v0.3/569-file,,,,
PROD.004,NewProductRevenueRatio,PROD,metric,canonical_ontology,v0.3/569-file,,,,
PROD.005,ProductRevenueConcentration,PROD,metric,canonical_ontology,v0.3/569-file,,,,
PROD.006,ProductGrossMargin,PROD,metric,canonical_ontology,v0.3/569-file,,,,
PROD.007,ProductGrowthRate,PROD,metric,canonical_ontology,v0.3/569-file,,,,
PROD.008,ProductAveragePrice,PROD,metric,canonical_ontology,v0.3/569-file,,,,
PROD.009,ProductReturnRate,PROD,metric,canonical_ontology,v0.3/569-file,,,,
PROD.010,ProductLifecycleStage,PROD,metric,canonical_ontology,v0.3/569-file,,,,
PROD.011,CoreProductRevenueRatio,PROD,metric,canonical_ontology,v0.3/569-file,,,,
PROD.012,MatureProductRevenueRatio,PROD,metric,canonical_ontology,v0.3/569-file,,,,
PROD.013,GrowthProductRevenueRatio,PROD,metric,canonical_ontology,v0.3/569-file,,,,
PROD.014,DecliningProductRevenueRatio,PROD,metric,canonical_ontology,v0.3/569-file,,,,
PROD.015,ProductSubstitutionRisk,PROD,metric,canonical_ontology,v0.3/569-file,,,,
PROD.016,ProductCannibalizationRisk,PROD,metric,canonical_ontology,v0.3/569-file,,,,
PROD.017,ProductDevelopmentCycle,PROD,metric,canonical_ontology,v0.3/569-file,,,,
PROD.018,ProductLaunchSuccessRate,PROD,metric,canonical_ontology,v0.3/569-file,,,,
PROD.019,ProductFailureRate,PROD,metric,canonical_ontology,v0.3/569-file,,,,
PROD.020,ProductCertificationCoverage,PROD,metric,canonical_ontology,v0.3/569-file,,,,
PROD.021,FactoryCount,PROD,metric,canonical_ontology,v0.3/569-file,,,,
PROD.022,ProductionSiteCount,PROD,metric,canonical_ontology,v0.3/569-file,,,,
PROD.023,FactoryCapacity,PROD,metric,canonical_ontology,v0.3/569-file,,,,
PROD.024,EffectiveCapacity,PROD,metric,canonical_ontology,v0.3/569-file,,,,
PROD.025,ActualProduction,PROD,metric,canonical_ontology,v0.3/569-file,,,,
PROD.026,CapacityUtilization,PROD,metric,canonical_ontology,v0.3/569-file,,,,
PROD.027,ProductionGrowthRate,PROD,metric,canonical_ontology,v0.3/569-file,,,,
PROD.028,ProductionLineCount,PROD,metric,canonical_ontology,v0.3/569-file,,,,
PROD.029,ProductionLineUtilization,PROD,metric,canonical_ontology,v0.3/569-file,,,,
PROD.030,OEE,PROD,metric,canonical_ontology,v0.3/569-file,,,,
PROD.031,YieldRate,PROD,metric,canonical_ontology,v0.3/569-file,,,,
PROD.032,ScrapRate,PROD,metric,canonical_ontology,v0.3/569-file,,,,
PROD.033,ReworkRate,PROD,metric,canonical_ontology,v0.3/569-file,,,,
PROD.034,ProductionCycleTime,PROD,metric,canonical_ontology,v0.3/569-file,,,,
PROD.035,LeadTime,PROD,metric,canonical_ontology,v0.3/569-file,,,,
PROD.036,OnTimeDeliveryRate,PROD,metric,canonical_ontology,v0.3/569-file,,,,
PROD.037,DowntimeRate,PROD,metric,canonical_ontology,v0.3/569-file,,,,
PROD.038,MaintenanceCost,PROD,metric,canonical_ontology,v0.3/569-file,,,,
PROD.039,UnitProductionCost,PROD,metric,canonical_ontology,v0.3/569-file,,,,
PROD.040,ManufacturingCostRatio,PROD,metric,canonical_ontology,v0.3/569-file,,,,
PROD.041,FirstPassYield,PROD,metric,canonical_ontology,v0.3/569-file,,,,
PROD.042,DefectRate,PROD,metric,canonical_ontology,v0.3/569-file,,,,
PROD.043,CustomerComplaintRate,PROD,metric,canonical_ontology,v0.3/569-file,,,,
PROD.044,ProductReturnRate,PROD,metric,canonical_ontology,v0.3/569-file,,,,
PROD.045,WarrantyClaimRate,PROD,metric,canonical_ontology,v0.3/569-file,,,,
PROD.050,QualityControlSystemMaturity,PROD,metric,canonical_ontology,v0.3/569-file,,,,
PROD.051,ProductionProcessDocumentationCompleteness,PROD,metric,canonical_ontology,v0.3/569-file,,,,
SUPP.001,SupplierCount,SUPP,metric,canonical_ontology,v0.3/569-file,,,,
SUPP.002,ActiveSupplierCount,SUPP,metric,canonical_ontology,v0.3/569-file,,,,
SUPP.003,Top1SupplierPurchaseRatio,SUPP,metric,canonical_ontology,v0.3/569-file,,,,
SUPP.004,Top5SupplierPurchaseRatio,SUPP,metric,canonical_ontology,v0.3/569-file,,,,
SUPP.005,SupplierHHI,SUPP,metric,canonical_ontology,v0.3/569-file,,,,
SUPP.006,SingleSourceSupplierCount,SUPP,metric,canonical_ontology,v0.3/569-file,,,,
SUPP.007,StrategicSupplierCount,SUPP,metric,canonical_ontology,v0.3/569-file,,,,
SUPP.008,SupplierSwitchingCost,SUPP,metric,canonical_ontology,v0.3/569-file,,,,
SUPP.009,SupplierAverageTenure,SUPP,metric,canonical_ontology,v0.3/569-file,,,,
SUPP.010,SupplierConcentrationRisk,SUPP,metric,canonical_ontology,v0.3/569-file,,,,
SUPP.011,ProcurementValue,SUPP,metric,canonical_ontology,v0.3/569-file,,,,
SUPP.012,ProcurementGrowthRate,SUPP,metric,canonical_ontology,v0.3/569-file,,,,
SUPP.013,RawMaterialCostRatio,SUPP,metric,canonical_ontology,v0.3/569-file,,,,
SUPP.014,ProcurementCostRatio,SUPP,metric,canonical_ontology,v0.3/569-file,,,,
SUPP.015,AverageProcurementPrice,SUPP,metric,canonical_ontology,v0.3/569-file,,,,
SUPP.016,ProcurementPriceVolatility,SUPP,metric,canonical_ontology,v0.3/569-file,,,,
SUPP.017,ImportedMaterialRatio,SUPP,metric,canonical_ontology,v0.3/569-file,,,,
SUPP.018,SingleCountrySourcingRatio,SUPP,metric,canonical_ontology,v0.3/569-file,,,,
SUPP.019,LongTermContractCoverage,SUPP,metric,canonical_ontology,v0.3/569-file,,,,
SUPP.020,ProcurementPaymentDays,SUPP,metric,canonical_ontology,v0.3/569-file,,,,
SUPP.021,AverageSupplierLeadTime,SUPP,metric,canonical_ontology,v0.3/569-file,,,,
SUPP.022,SupplyChainCycleTime,SUPP,metric,canonical_ontology,v0.3/569-file,,,,
SUPP.023,SupplyChainBufferDays,SUPP,metric,canonical_ontology,v0.3/569-file,,,,
SUPP.024,SafetyStockDays,SUPP,metric,canonical_ontology,v0.3/569-file,,,,
SUPP.025,SupplyChainDisruptionFrequency,SUPP,metric,canonical_ontology,v0.3/569-file,,,,
SUPP.026,CriticalMaterialCount,SUPP,metric,canonical_ontology,v0.3/569-file,,,,
SUPP.027,AlternativeSupplierCoverage,SUPP,metric,canonical_ontology,v0.3/569-file,,,,
SUPP.028,SupplierQualityRate,SUPP,metric,canonical_ontology,v0.3/569-file,,,,
SUPP.029,SupplierOnTimeDeliveryRate,SUPP,metric,canonical_ontology,v0.3/569-file,,,,
SUPP.030,SupplyChainResilienceScore,SUPP,metric,canonical_ontology,v0.3/569-file,,,,
TECH.001,CoreTechnologyCount,TECH,metric,canonical_ontology,v0.3/569-file,,,,
TECH.002,TechnologyMaturity,TECH,metric,canonical_ontology,v0.3/569-file,,,,
TECH.003,TechnologyDifferentiation,TECH,metric,canonical_ontology,v0.3/569-file,,,,
TECH.004,TechnologyPerformanceAdvantage,TECH,metric,canonical_ontology,v0.3/569-file,,,,
TECH.005,TechnologyCostAdvantage,TECH,metric,canonical_ontology,v0.3/569-file,,,,
TECH.006,TechnologyBarrier,TECH,metric,canonical_ontology,v0.3/569-file,,,,
TECH.007,TechnologyReplacementRisk,TECH,metric,canonical_ontology,v0.3/569-file,,,,
TECH.008,TechnologyLifecycle,TECH,metric,canonical_ontology,v0.3/569-file,,,,
TECH.009,TechnologyCommercializationRate,TECH,metric,canonical_ontology,v0.3/569-file,,,,
TECH.010,TechnologyValidationCount,TECH,metric,canonical_ontology,v0.3/569-file,,,,
TECH.011,PatentCount,TECH,metric,canonical_ontology,v0.3/569-file,,,,
TECH.012,InventionPatentCount,TECH,metric,canonical_ontology,v0.3/569-file,,,,
TECH.013,UtilityPatentCount,TECH,metric,canonical_ontology,v0.3/569-file,,,,
TECH.014,ValidPatentCount,TECH,metric,canonical_ontology,v0.3/569-file,,,,
TECH.015,PatentGrantRate,TECH,metric,canonical_ontology,v0.3/569-file,,,,
TECH.016,PatentGrowthRate,TECH,metric,canonical_ontology,v0.3/569-file,,,,
TECH.017,PatentFamilyCount,TECH,metric,canonical_ontology,v0.3/569-file,,,,
TECH.018,CorePatentCount,TECH,metric,canonical_ontology,v0.3/569-file,,,,
TECH.019,PatentCitationCount,TECH,metric,canonical_ontology,v0.3/569-file,,,,
TECH.020,PatentGeographicCoverage,TECH,metric,canonical_ontology,v0.3/569-file,,,,
TECH.021,IPOwnershipRatio,TECH,metric,canonical_ontology,v0.3/569-file,,,,
TECH.022,ThirdPartyLicenseRatio,TECH,metric,canonical_ontology,v0.3/569-file,,,,
TECH.023,IPEncumbranceCount,TECH,metric,canonical_ontology,v0.3/569-file,,,,
TECH.024,IPDisputeCount,TECH,metric,canonical_ontology,v0.3/569-file,,,,
TECH.025,PatentExpiryExposure,TECH,metric,canonical_ontology,v0.3/569-file,,,,
TECH.026,PatentInvalidationRisk,TECH,metric,canonical_ontology,v0.3/569-file,,,,
TECH.027,FreedomToOperate,TECH,metric,canonical_ontology,v0.3/569-file,,,,
TECH.028,TradeSecretDependency,TECH,metric,canonical_ontology,v0.3/569-file,,,,
TECH.029,SoftwareCopyrightCount,TECH,metric,canonical_ontology,v0.3/569-file,,,,
TECH.030,TrademarkCount,TECH,metric,canonical_ontology,v0.3/569-file,,,,
TECH.031,CorePersonTechnologyDependency,TECH,metric,canonical_ontology,v0.3/569-file,,,,
TECH.032,ThirdPartyTechnologyDependency,TECH,metric,canonical_ontology,v0.3/569-file,,,,
TECH.033,OpenSourceDependency,TECH,metric,canonical_ontology,v0.3/569-file,,,,
TECH.034,PlatformDependency,TECH,metric,canonical_ontology,v0.3/569-file,,,,
TECH.035,TechnologySupplyDependency,TECH,metric,canonical_ontology,v0.3/569-file,,,,
MKT.001,TAM,MKT,metric,canonical_ontology,v0.3/569-file,,,,
MKT.002,SAM,MKT,metric,canonical_ontology,v0.3/569-file,,,,
MKT.003,SOM,MKT,metric,canonical_ontology,v0.3/569-file,,,,
MKT.004,MarketSize,MKT,metric,canonical_ontology,v0.3/569-file,,,,
MKT.005,MarketGrowthRate,MKT,metric,canonical_ontology,v0.3/569-file,,,,
MKT.006,MarketCAGR,MKT,metric,canonical_ontology,v0.3/569-file,,,,
MKT.007,MarketPenetration,MKT,metric,canonical_ontology,v0.3/569-file,,,,
MKT.008,AddressableCustomerCount,MKT,metric,canonical_ontology,v0.3/569-file,,,,
MKT.009,AverageMarketPrice,MKT,metric,canonical_ontology,v0.3/569-file,,,,
MKT.010,MarketPriceGrowth,MKT,metric,canonical_ontology,v0.3/569-file,,,,
MKT.011,CompanyMarketShare,MKT,metric,canonical_ontology,v0.3/569-file,,,,
MKT.012,CompanyMarketShareGrowth,MKT,metric,canonical_ontology,v0.3/569-file,,,,
MKT.013,RegionalMarketShare,MKT,metric,canonical_ontology,v0.3/569-file,,,,
MKT.014,SegmentMarketShare,MKT,metric,canonical_ontology,v0.3/569-file,,,,
MKT.015,Top3MarketShare,MKT,metric,canonical_ontology,v0.3/569-file,,,,
MKT.016,Top5MarketShare,MKT,metric,canonical_ontology,v0.3/569-file,,,,
MKT.017,MarketHHI,MKT,metric,canonical_ontology,v0.3/569-file,,,,
MKT.018,MarketConcentration,MKT,metric,canonical_ontology,v0.3/569-file,,,,
MKT.019,MarketFragmentation,MKT,metric,canonical_ontology,v0.3/569-file,,,,
MKT.020,ShareVolatility,MKT,metric,canonical_ontology,v0.3/569-file,,,,
MKT.021,CompetitorCount,MKT,metric,canonical_ontology,v0.3/569-file,,,,
MKT.022,DirectCompetitorCount,MKT,metric,canonical_ontology,v0.3/569-file,,,,
MKT.023,IndirectCompetitorCount,MKT,metric,canonical_ontology,v0.3/569-file,,,,
MKT.024,CompetitorRevenueMedian,MKT,metric,canonical_ontology,v0.3/569-file,,,,
MKT.025,CompetitorGrowthMedian,MKT,metric,canonical_ontology,v0.3/569-file,,,,
MKT.026,CompetitorGrossMarginMedian,MKT,metric,canonical_ontology,v0.3/569-file,,,,
MKT.027,CompetitorEBITDAMarginMedian,MKT,metric,canonical_ontology,v0.3/569-file,,,,
MKT.028,CompetitiveIntensity,MKT,metric,canonical_ontology,v0.3/569-file,,,,
MKT.029,PriceCompetitionIntensity,MKT,metric,canonical_ontology,v0.3/569-file,,,,
MKT.030,TechnologyCompetitionIntensity,MKT,metric,canonical_ontology,v0.3/569-file,,,,
MKT.031,CapitalEntryBarrier,MKT,metric,canonical_ontology,v0.3/569-file,,,,
MKT.032,TechnologyEntryBarrier,MKT,metric,canonical_ontology,v0.3/569-file,,,,
MKT.033,CustomerEntryBarrier,MKT,metric,canonical_ontology,v0.3/569-file,,,,
MKT.034,ChannelEntryBarrier,MKT,metric,canonical_ontology,v0.3/569-file,,,,
MKT.035,CertificationEntryBarrier,MKT,metric,canonical_ontology,v0.3/569-file,,,,
MKT.036,RegulatoryEntryBarrier,MKT,metric,canonical_ontology,v0.3/569-file,,,,
MKT.037,SwitchingCost,MKT,metric,canonical_ontology,v0.3/569-file,,,,
MKT.038,NetworkEffectStrength,MKT,metric,canonical_ontology,v0.3/569-file,,,,
MKT.039,ScaleEconomyStrength,MKT,metric,canonical_ontology,v0.3/569-file,,,,
MKT.040,BrandBarrier,MKT,metric,canonical_ontology,v0.3/569-file,,,,
MKT.042,PolicyTrendDirection,MKT,metric,canonical_ontology,v0.3/569-file,,,,
FIN.001,Revenue,FIN,metric,canonical_ontology,v0.3/569-file,,,,
FIN.002,RevenueGrowthRate [derived: (FIN.001_t - FIN.001_t-1) / FIN.001_t-1],FIN,metric,canonical_ontology,v0.3/569-file,,,,
FIN.003,RevenueCAGR [derived: CAGR of FIN.001],FIN,metric,canonical_ontology,v0.3/569-file,,,,
FIN.004,RevenuePerCustomer [derived: FIN.001 / CUST.001],FIN,metric,canonical_ontology,v0.3/569-file,,,,
FIN.005,RevenuePerEmployee [derived: FIN.001 / MGMT.021],FIN,metric,canonical_ontology,v0.3/569-file,,,,
FIN.006,RevenueConcentration,FIN,metric,canonical_ontology,v0.3/569-file,,,,
FIN.007,RevenueQualityScore,FIN,metric,canonical_ontology,v0.3/569-file,,,,
FIN.008,OrganicRevenueGrowth,FIN,metric,canonical_ontology,v0.3/569-file,,,,
FIN.009,AcquisitionDrivenGrowth,FIN,metric,canonical_ontology,v0.3/569-file,,,,
FIN.010,RecurringRevenue,FIN,metric,canonical_ontology,v0.3/569-file,,,,
FIN.011,GrossProfit [derived: FIN.001 - FIN.XXX_COGS],FIN,metric,canonical_ontology,v0.3/569-file,,,,
FIN.012,GrossMargin [derived: FIN.011 / FIN.001],FIN,metric,canonical_ontology,v0.3/569-file,,,,
FIN.013,GrossProfitGrowth [derived: (FIN.011_t - FIN.011_t-1) / FIN.011_t-1],FIN,metric,canonical_ontology,v0.3/569-file,,,,
FIN.014,ProductGrossMargin,FIN,metric,canonical_ontology,v0.3/569-file,,,,
FIN.015,CustomerGrossMargin,FIN,metric,canonical_ontology,v0.3/569-file,,,,
FIN.016,RegionalGrossMargin,FIN,metric,canonical_ontology,v0.3/569-file,,,,
FIN.017,SegmentGrossMargin,FIN,metric,canonical_ontology,v0.3/569-file,,,,
FIN.018,GrossMarginVolatility,FIN,metric,canonical_ontology,v0.3/569-file,,,,
FIN.019,GrossMarginBenchmark,FIN,metric,canonical_ontology,v0.3/569-file,,,,
FIN.020,GrossMarginPosition,FIN,metric,canonical_ontology,v0.3/569-file,,,,
FIN.021,EBITDA,FIN,metric,canonical_ontology,v0.3/569-file,,,,
FIN.022,EBITDA_Growth [derived: (FIN.021_t - FIN.021_t-1) / FIN.021_t-1],FIN,metric,canonical_ontology,v0.3/569-file,,,,
FIN.023,EBITDA_Margin [derived: FIN.021 / FIN.001],FIN,metric,canonical_ontology,v0.3/569-file,,,,
FIN.024,EBIT,FIN,metric,canonical_ontology,v0.3/569-file,,,,
FIN.025,EBITMargin [derived: FIN.024 / FIN.001],FIN,metric,canonical_ontology,v0.3/569-file,,,,
FIN.026,EBITGrowth [derived: (FIN.024_t - FIN.024_t-1) / FIN.024_t-1],FIN,metric,canonical_ontology,v0.3/569-file,,,,
FIN.027,OperatingExpense,FIN,metric,canonical_ontology,v0.3/569-file,,,,
FIN.028,OperatingExpenseRatio [derived: FIN.027 / FIN.001],FIN,metric,canonical_ontology,v0.3/569-file,,,,
FIN.029,OperatingLeverage,FIN,metric,canonical_ontology,v0.3/569-file,,,,
FIN.030,NetIncome,FIN,metric,canonical_ontology,v0.3/569-file,,,,
FIN.031,NetIncomeGrowth [derived: (FIN.030_t - FIN.030_t-1) / FIN.030_t-1],FIN,metric,canonical_ontology,v0.3/569-file,,,,
FIN.032,NetMargin [derived: FIN.030 / FIN.001],FIN,metric,canonical_ontology,v0.3/569-file,,,,
FIN.033,AdjustedNetIncome,FIN,metric,canonical_ontology,v0.3/569-file,,,,
FIN.034,NonRecurringProfitRatio [derived: (FIN.030 - FIN.033) / FIN.030],FIN,metric,canonical_ontology,v0.3/569-file,,,,
FIN.035,OperatingCashFlow,FIN,metric,canonical_ontology,v0.3/569-file,,,,
FIN.036,OCFMargin [derived: FIN.035 / FIN.001],FIN,metric,canonical_ontology,v0.3/569-file,,,,
FIN.037,OCFToNetIncome [derived: FIN.035 / FIN.030],FIN,metric,canonical_ontology,v0.3/569-file,,,,
FIN.038,FreeCashFlow [derived: FIN.035 - FIN.085],FIN,metric,canonical_ontology,v0.3/569-file,,,,
FIN.039,FCFMargin [derived: FIN.038 / FIN.001],FIN,metric,canonical_ontology,v0.3/569-file,,,,
FIN.040,FCFYield [derived: FIN.038 / MarketCap],FIN,metric,canonical_ontology,v0.3/569-file,,,,
FIN.041,CashConversionRatio [derived: FIN.035 / FIN.030],FIN,metric,canonical_ontology,v0.3/569-file,,,,
FIN.042,CashConversionCycle [derived: FIN.048 + FIN.049 - FIN.050],FIN,metric,canonical_ontology,v0.3/569-file,,,,
FIN.043,CashGenerationQuality,FIN,metric,canonical_ontology,v0.3/569-file,,,,
FIN.044,FCFVolatility,FIN,metric,canonical_ontology,v0.3/569-file,,,,
FIN.045,WorkingCapital [derived: CurrentAssets - CurrentLiabilities],FIN,metric,canonical_ontology,v0.3/569-file,,,,
FIN.046,NetWorkingCapital,FIN,metric,canonical_ontology,v0.3/569-file,,,,
FIN.047,NWCRevenueRatio [derived: FIN.046 / FIN.001],FIN,metric,canonical_ontology,v0.3/569-file,,,,
FIN.048,DSO [derived: (FIN.056 / FIN.001) * 365],FIN,metric,canonical_ontology,v0.3/569-file,,,,
FIN.049,DIO [derived: (FIN.057 / COGS) * 365],FIN,metric,canonical_ontology,v0.3/569-file,,,,
FIN.050,DPO [derived: (AccountsPayable / COGS) * 365],FIN,metric,canonical_ontology,v0.3/569-file,,,,
FIN.051,ARTurnover [derived: FIN.001 / FIN.056],FIN,metric,canonical_ontology,v0.3/569-file,,,,
FIN.052,InventoryTurnover [derived: COGS / FIN.057],FIN,metric,canonical_ontology,v0.3/569-file,,,,
FIN.053,APPayablesTurnover,FIN,metric,canonical_ontology,v0.3/569-file,,,,
FIN.054,WorkingCapitalIntensity,FIN,metric,canonical_ontology,v0.3/569-file,,,,
FIN.055,CashBalance,FIN,metric,canonical_ontology,v0.3/569-file,,,,
FIN.056,AccountsReceivable,FIN,metric,canonical_ontology,v0.3/569-file,,,,
FIN.057,InventoryBalance,FIN,metric,canonical_ontology,v0.3/569-file,,,,
FIN.058,FixedAssets,FIN,metric,canonical_ontology,v0.3/569-file,,,,
FIN.059,IntangibleAssets,FIN,metric,canonical_ontology,v0.3/569-file,,,,
FIN.060,TotalAssets,FIN,metric,canonical_ontology,v0.3/569-file,,,,
FIN.061,TotalLiabilities,FIN,metric,canonical_ontology,v0.3/569-file,,,,
FIN.062,Equity,FIN,metric,canonical_ontology,v0.3/569-file,,,,
FIN.063,NetDebt [derived: FIN.065 - FIN.055],FIN,metric,canonical_ontology,v0.3/569-file,,,,
FIN.064,NetDebtGrowth [derived: (FIN.063_t - FIN.063_t-1) / FIN.063_t-1],FIN,metric,canonical_ontology,v0.3/569-file,,,,
FIN.065,TotalDebt,FIN,metric,canonical_ontology,v0.3/569-file,,,,
FIN.066,ShortTermDebt,FIN,metric,canonical_ontology,v0.3/569-file,,,,
FIN.067,LongTermDebt,FIN,metric,canonical_ontology,v0.3/569-file,,,,
FIN.068,NetDebt,FIN,metric,canonical_ontology,v0.3/569-file,,,,
FIN.069,DebtToEquity [derived: FIN.065 / FIN.062],FIN,metric,canonical_ontology,v0.3/569-file,,,,
FIN.070,DebtToAssets [derived: FIN.061 / FIN.060],FIN,metric,canonical_ontology,v0.3/569-file,,,,
FIN.071,DebtToEBITDA [derived: FIN.065 / FIN.021],FIN,metric,canonical_ontology,v0.3/569-file,,,,
FIN.072,NetDebtToEBITDA [derived: FIN.063 / FIN.021],FIN,metric,canonical_ontology,v0.3/569-file,,,,
FIN.073,InterestCoverage [derived: FIN.024 / InterestExpense],FIN,metric,canonical_ontology,v0.3/569-file,,,,
FIN.074,DebtMaturityConcentration,FIN,metric,canonical_ontology,v0.3/569-file,,,,
FIN.075,CurrentRatio [derived: CurrentAssets / CurrentLiabilities],FIN,metric,canonical_ontology,v0.3/569-file,,,,
FIN.076,QuickRatio [derived: (CurrentAssets - FIN.057) / CurrentLiabilities],FIN,metric,canonical_ontology,v0.3/569-file,,,,
FIN.077,CashRatio [derived: FIN.055 / CurrentLiabilities],FIN,metric,canonical_ontology,v0.3/569-file,,,,
FIN.078,ShortTermDebtCoverage [derived: FIN.035 / FIN.066],FIN,metric,canonical_ontology,v0.3/569-file,,,,
FIN.079,DebtServiceCoverageRatio [derived: FIN.021 / DebtService],FIN,metric,canonical_ontology,v0.3/569-file,,,,
FIN.080,LiquidityGap,FIN,metric,canonical_ontology,v0.3/569-file,,,,
FIN.081,MinimumCashRequirement,FIN,metric,canonical_ontology,v0.3/569-file,,,,
FIN.082,RefinancingNeed,FIN,metric,canonical_ontology,v0.3/569-file,,,,
FIN.083,RefinancingRisk,FIN,metric,canonical_ontology,v0.3/569-file,,,,
FIN.084,CovenantHeadroom,FIN,metric,canonical_ontology,v0.3/569-file,,,,
FIN.085,Capex,FIN,metric,canonical_ontology,v0.3/569-file,,,,
FIN.086,CapexGrowth [derived: (FIN.085_t - FIN.085_t-1) / FIN.085_t-1],FIN,metric,canonical_ontology,v0.3/569-file,,,,
FIN.087,CapexToRevenue [derived: FIN.085 / FIN.001],FIN,metric,canonical_ontology,v0.3/569-file,,,,
FIN.088,MaintenanceCapex,FIN,metric,canonical_ontology,v0.3/569-file,,,,
FIN.089,GrowthCapex,FIN,metric,canonical_ontology,v0.3/569-file,,,,
FIN.090,ROA [derived: FIN.030 / FIN.060],FIN,metric,canonical_ontology,v0.3/569-file,,,,
FIN.091,ROE [derived: FIN.030 / FIN.062],FIN,metric,canonical_ontology,v0.3/569-file,,,,
FIN.092,ROIC [derived: FIN.024 / (FIN.062 + FIN.065)],FIN,metric,canonical_ontology,v0.3/569-file,,,,
FIN.093,IncrementalROIC,FIN,metric,canonical_ontology,v0.3/569-file,,,,
FIN.094,EconomicProfit,FIN,metric,canonical_ontology,v0.3/569-file,,,,
FIN.095,RevenueForecast,FIN,metric,canonical_ontology,v0.3/569-file,,,,
FIN.096,EBITDAForecast,FIN,metric,canonical_ontology,v0.3/569-file,,,,
FIN.097,EBITForecast,FIN,metric,canonical_ontology,v0.3/569-file,,,,
FIN.098,NetIncomeForecast,FIN,metric,canonical_ontology,v0.3/569-file,,,,
FIN.099,OCF_Forecast,FIN,metric,canonical_ontology,v0.3/569-file,,,,
FIN.100,FCF_Forecast,FIN,metric,canonical_ontology,v0.3/569-file,,,,
FIN.101,CapexForecast,FIN,metric,canonical_ontology,v0.3/569-file,,,,
FIN.102,WorkingCapitalForecast,FIN,metric,canonical_ontology,v0.3/569-file,,,,
FIN.103,ForecastAccuracy,FIN,metric,canonical_ontology,v0.3/569-file,,,,
FIN.104,ForecastBias,FIN,metric,canonical_ontology,v0.3/569-file,,,,
LEGAL.001,LitigationCount,LEGAL,metric,canonical_ontology,v0.3/569-file,,,,
LEGAL.002,LitigationAmount,LEGAL,metric,canonical_ontology,v0.3/569-file,,,,
LEGAL.003,MaterialLitigationCount,LEGAL,metric,canonical_ontology,v0.3/569-file,,,,
LEGAL.004,LitigationLossProbability,LEGAL,metric,canonical_ontology,v0.3/569-file,,,,
LEGAL.005,PotentialLiability,LEGAL,metric,canonical_ontology,v0.3/569-file,,,,
LEGAL.006,ArbitrationCount,LEGAL,metric,canonical_ontology,v0.3/569-file,,,,
LEGAL.007,ArbitrationAmount,LEGAL,metric,canonical_ontology,v0.3/569-file,,,,
LEGAL.008,LitigationExposureRatio,LEGAL,metric,canonical_ontology,v0.3/569-file,,,,
LEGAL.009,AdministrativePenaltyCount,LEGAL,metric,canonical_ontology,v0.3/569-file,,,,
LEGAL.010,AdministrativePenaltyAmount,LEGAL,metric,canonical_ontology,v0.3/569-file,,,,
LEGAL.011,ComplianceViolationCount,LEGAL,metric,canonical_ontology,v0.3/569-file,,,,
LEGAL.012,RegulatoryInvestigationCount,LEGAL,metric,canonical_ontology,v0.3/569-file,,,,
LEGAL.013,ComplianceRemediationRate,LEGAL,metric,canonical_ontology,v0.3/569-file,,,,
LEGAL.014,LicenseCount,LEGAL,metric,canonical_ontology,v0.3/569-file,,,,
LEGAL.015,LicenseExpiryExposure,LEGAL,metric,canonical_ontology,v0.3/569-file,,,,
LEGAL.016,MaterialContractCount,LEGAL,metric,canonical_ontology,v0.3/569-file,,,,
LEGAL.017,MaterialContractValue,LEGAL,metric,canonical_ontology,v0.3/569-file,,,,
LEGAL.018,ContractConcentration,LEGAL,metric,canonical_ontology,v0.3/569-file,,,,
LEGAL.019,ContractTerminationExposure,LEGAL,metric,canonical_ontology,v0.3/569-file,,,,
LEGAL.020,ChangeOfControlExposure,LEGAL,metric,canonical_ontology,v0.3/569-file,,,,
LEGAL.021,ExclusivityExposure,LEGAL,metric,canonical_ontology,v0.3/569-file,,,,
LEGAL.022,MinimumPurchaseExposure,LEGAL,metric,canonical_ontology,v0.3/569-file,,,,
LEGAL.023,ContractPenaltyExposure,LEGAL,metric,canonical_ontology,v0.3/569-file,,,,
LEGAL.024,GuaranteeExposure,LEGAL,metric,canonical_ontology,v0.3/569-file,,,,
LEGAL.025,PledgeExposure,LEGAL,metric,canonical_ontology,v0.3/569-file,,,,
LEGAL.026,MortgageExposure,LEGAL,metric,canonical_ontology,v0.3/569-file,,,,
LEGAL.027,TaxExposure,LEGAL,metric,canonical_ontology,v0.3/569-file,,,,
LEGAL.028,LaborDisputeCount,LEGAL,metric,canonical_ontology,v0.3/569-file,,,,
LEGAL.029,IPDisputeExposure,LEGAL,metric,canonical_ontology,v0.3/569-file,,,,
LEGAL.030,RelatedPartyLegalExposure,LEGAL,metric,canonical_ontology,v0.3/569-file,,,,
LEGAL.031,InternalControlDeficiency,LEGAL,metric,canonical_ontology,v0.3/569-file,,,,
LEGAL.032,RegulatoryDependency,LEGAL,metric,canonical_ontology,v0.3/569-file,,,,
LEGAL.033,LegalDueDiligenceCompletion,LEGAL,metric,canonical_ontology,v0.3/569-file,,,,
LEGAL.039,EHSSystemMaturity,LEGAL,metric,canonical_ontology,v0.3/569-file,,,,
DATA.001,DataCoverage,DATA,metric,canonical_ontology,v0.3/569-file,,,,
DATA.002,DataAccuracy,DATA,metric,canonical_ontology,v0.3/569-file,,,,
DATA.003,DataSourceChannelStability,DATA,metric,canonical_ontology,v0.3/569-file,,,,
DATA.004,DataAcquisitionChannelConcentration,DATA,metric,canonical_ontology,v0.3/569-file,,,,
DATA.005,DataQualificationCertificates,DATA,metric,canonical_ontology,v0.3/569-file,,,,
DATA.006,DataMethodologyScientificRigor,DATA,metric,canonical_ontology,v0.3/569-file,,,,
DATA.007,DataFreshnessUpdateFrequency,DATA,metric,canonical_ontology,v0.3/569-file,,,,
DATA.008,DataLicensingOwnershipCompliance,DATA,metric,canonical_ontology,v0.3/569-file,,,,
LOGI.001,LogisticsProviderCount,LOGI,metric,canonical_ontology,v0.3/569-file,,,,
LOGI.002,LogisticsProviderConcentration,LOGI,metric,canonical_ontology,v0.3/569-file,,,,
LOGI.003,LogisticsProviderTenureStability,LOGI,metric,canonical_ontology,v0.3/569-file,,,,
LOGI.004,LogisticsCostRatio,LOGI,metric,canonical_ontology,v0.3/569-file,,,,
LOGI.005,LogisticsDeliveryReliability,LOGI,metric,canonical_ontology,v0.3/569-file,,,,
LOGI.006,WarehouseNetworkCoverage,LOGI,metric,canonical_ontology,v0.3/569-file,,,,
LOGI.007,WarehouseUtilization,LOGI,metric,canonical_ontology,v0.3/569-file,,,,
LOGI.008,RegionalDistributionConcentration,LOGI,metric,canonical_ontology,v0.3/569-file,,,,
ESG.001,Scope1Emission,ESG,metric,canonical_ontology,v0.3/569-file,,,,
ESG.002,Scope2Emission,ESG,metric,canonical_ontology,v0.3/569-file,,,,
ESG.003,Scope3Emission,ESG,metric,canonical_ontology,v0.3/569-file,,,,
ESG.004,TotalCarbonEmission,ESG,metric,canonical_ontology,v0.3/569-file,,,,
ESG.005,CarbonIntensity,ESG,metric,canonical_ontology,v0.3/569-file,,,,
ESG.006,EnergyConsumption,ESG,metric,canonical_ontology,v0.3/569-file,,,,
ESG.007,EnergyIntensity,ESG,metric,canonical_ontology,v0.3/569-file,,,,
ESG.008,RenewableEnergyRatio,ESG,metric,canonical_ontology,v0.3/569-file,,,,
ESG.009,WaterConsumption,ESG,metric,canonical_ontology,v0.3/569-file,,,,
ESG.010,WasteGeneration,ESG,metric,canonical_ontology,v0.3/569-file,,,,
ESG.011,EnvironmentalPenaltyCount,ESG,metric,canonical_ontology,v0.3/569-file,,,,
ESG.012,EnvironmentalIncidentCount,ESG,metric,canonical_ontology,v0.3/569-file,,,,
ESG.013,EnvironmentalComplianceRate,ESG,metric,canonical_ontology,v0.3/569-file,,,,
ESG.014,EmployeeSafetyIncidentRate,ESG,metric,canonical_ontology,v0.3/569-file,,,,
ESG.015,LostTimeInjuryRate,ESG,metric,canonical_ontology,v0.3/569-file,,,,
ESG.016,EmployeeTrainingHours,ESG,metric,canonical_ontology,v0.3/569-file,,,,
ESG.017,EmployeeTurnover,ESG,metric,canonical_ontology,v0.3/569-file,,,,
ESG.018,LaborComplianceRate,ESG,metric,canonical_ontology,v0.3/569-file,,,,
ESG.019,EmployeeGrievanceCount,ESG,metric,canonical_ontology,v0.3/569-file,,,,
ESG.020,BoardIndependenceRatio,ESG,metric,canonical_ontology,v0.3/569-file,,,,
ESG.021,RelatedPartyGovernanceRisk,ESG,metric,canonical_ontology,v0.3/569-file,,,,
ESG.022,AntiCorruptionControlScore,ESG,metric,canonical_ontology,v0.3/569-file,,,,
ESG.023,WhistleblowerMechanism,ESG,metric,canonical_ontology,v0.3/569-file,,,,
ESG.024,ESGDisclosureQuality,ESG,metric,canonical_ontology,v0.3/569-file,,,,
ESG.025,ESGRiskScore,ESG,metric,canonical_ontology,v0.3/569-file,,,,
ESG.026,ESGGovernanceMaturity,ESG,metric,canonical_ontology,v0.3/569-file,,,,
ESG.027,ESGDisclosureCompleteness,ESG,metric,canonical_ontology,v0.3/569-file,,,,
TXN.001,DealSize,TXN,metric,canonical_ontology,v0.3/569-file,,,,
TXN.002,EntryEquityValue,TXN,metric,canonical_ontology,v0.3/569-file,,,,
TXN.003,EntryEnterpriseValue,TXN,metric,canonical_ontology,v0.3/569-file,,,,
TXN.004,PrimaryInvestment,TXN,metric,canonical_ontology,v0.3/569-file,,,,
TXN.005,SecondaryInvestment,TXN,metric,canonical_ontology,v0.3/569-file,,,,
TXN.006,OwnershipAfterInvestment,TXN,metric,canonical_ontology,v0.3/569-file,,,,
TXN.007,DilutionRate,TXN,metric,canonical_ontology,v0.3/569-file,,,,
TXN.008,EV_Revenue,TXN,metric,canonical_ontology,v0.3/569-file,,,,
TXN.009,EV_EBITDA,TXN,metric,canonical_ontology,v0.3/569-file,,,,
TXN.010,P_E,TXN,metric,canonical_ontology,v0.3/569-file,,,,
TXN.011,EV_FCF,TXN,metric,canonical_ontology,v0.3/569-file,,,,
TXN.012,DCFValue,TXN,metric,canonical_ontology,v0.3/569-file,,,,
TXN.013,ComparableCompanyValue,TXN,metric,canonical_ontology,v0.3/569-file,,,,
TXN.014,PrecedentTransactionValue,TXN,metric,canonical_ontology,v0.3/569-file,,,,
TXN.015,ValuationPremium,TXN,metric,canonical_ontology,v0.3/569-file,,,,
TXN.016,ValuationDiscount,TXN,metric,canonical_ontology,v0.3/569-file,,,,
TXN.017,EntryValuationPercentile,TXN,metric,canonical_ontology,v0.3/569-file,,,,
TXN.018,EntryIRR,TXN,metric,canonical_ontology,v0.3/569-file,,,,
TXN.019,EntryMOIC,TXN,metric,canonical_ontology,v0.3/569-file,,,,
TXN.020,ExitIRR,TXN,metric,canonical_ontology,v0.3/569-file,,,,
TXN.021,ExitMOIC,TXN,metric,canonical_ontology,v0.3/569-file,,,,
TXN.022,HoldingPeriod,TXN,metric,canonical_ontology,v0.3/569-file,,,,
TXN.023,ExitMultiple,TXN,metric,canonical_ontology,v0.3/569-file,,,,
TXN.024,ReturnSensitivity,TXN,metric,canonical_ontology,v0.3/569-file,,,,
TXN.025,DownsideMOIC,TXN,metric,canonical_ontology,v0.3/569-file,,,,
TXN.026,ExitMultipleAssumption,TXN,metric,canonical_ontology,v0.3/569-file,,,,
IP.001,Patent,IP,entity,canonical_ontology,v1.2/ip,,,,
IP.002,Trademark,IP,entity,canonical_ontology,v1.2/ip,,,,
IP.003,Copyright,IP,entity,canonical_ontology,v1.2/ip,,,,
IP.004,IPPledge,IP,entity,canonical_ontology,v1.2/ip,,,,
IP.005,IPCoOwnership,IP,entity,canonical_ontology,v1.2/ip,,,,
IP.006,IPRevenueShare,IP,entity,canonical_ontology,v1.2/ip,,,,
IP.007,CoreTechnology,IP,metric,canonical_ontology,v1.2/ip,,,,
IP.008,IPAgreement,IP,entity,canonical_ontology,v1.2/ip,,,,
IP.009,Co-owned IP Share,IP,metric,canonical_ontology,v1.2/ip,,,,
TXN.027,DownsideCaseProbability,TXN,metric,canonical_ontology,v1.2/txn,,,,
RR.COMP.CUST.001,Top5 concentration > 60% AND Largest Customer Renewal Rate < 70%,COMP,risk_rule,canonical_risk_mapping,v1.2/reviewed,RISK.004,CRITICAL,Top5 concentration > 60% AND Largest Customer Renewal Rate < 70%,trigger_if_applicable
RR.COMP.DATA.001,Data Coverage < 70% AND Data Accuracy < 85%,COMP,risk_rule,canonical_risk_mapping,v1.2/reviewed,RISK.021,CRITICAL,Data Coverage < 70% AND Data Accuracy < 85%,trigger_if_applicable
RR.COMP.FIN.003,Net Debt / EBITDA > 4x AND Interest Coverage < 3x,COMP,risk_rule,canonical_risk_mapping,v1.2/reviewed,RISK.009,CRITICAL,Net Debt / EBITDA > 4x AND Interest Coverage < 3x,trigger_if_applicable
RR.COMP.LOGI.001,Logistics Provider Concentration > 0.25 AND Logistics Delivery Reliability < 92%,COMP,risk_rule,canonical_risk_mapping,v1.2/reviewed,RISK.022,CRITICAL,Logistics Provider Concentration > 0.25 AND Logistics Delivery Reliability < 92%,trigger_if_applicable
RR.COMP.MGMT.004,Senior Management Turnover Rate > 20% AND Forecast Accuracy < 75%,COMP,risk_rule,canonical_risk_mapping,v1.2/reviewed,RISK.008,HIGH,Senior Management Turnover Rate > 20% AND Forecast Accuracy < 75%,trigger_if_applicable
RR.COMP.PROD.005,Defect Rate > 2% AND Gross Margin < 20%,COMP,risk_rule,canonical_risk_mapping,v1.2/reviewed,RISK.005,HIGH,Defect Rate > 2% AND Gross Margin < 20%,trigger_if_applicable
RR.COMP.SUPP.002,Top3 supplier concentration > 40% AND Inventory Turnover < 3x,COMP,risk_rule,canonical_risk_mapping,v1.2/reviewed,RISK.010,HIGH,Top3 supplier concentration > 40% AND Inventory Turnover < 3x,trigger_if_applicable
RR.COMP.TXN.006,Entry EV/EBITDA > 14x AND DownsideCaseProbability > 35%,COMP,risk_rule,canonical_risk_mapping,v1.2/reviewed,RISK.015,CRITICAL,Entry EV/EBITDA > 14x AND DownsideCaseProbability > 35%,trigger_if_applicable
RR.CROSS.003,Top5 customer concentration high AND churn high AND net debt/EBITDA high,CROSS,risk_rule,canonical_risk_mapping,v1.2/reviewed,RISK.009,CRITICAL,Top5 customer concentration high AND churn high AND net debt/EBITDA high,trigger_if_applicable
RR.CROSS.006,Management turnover high AND forecast accuracy < 70%,CROSS,risk_rule,canonical_risk_mapping,v1.2/reviewed,RISK.008,HIGH,Management turnover high AND forecast accuracy < 70%,trigger_if_applicable
RR.CROSS.007,Revenue growth downtrend AND DSO rising AND cash conversion worsening,CROSS,risk_rule,canonical_risk_mapping,v1.2/reviewed,RISK.009,HIGH,Revenue growth downtrend AND DSO rising AND cash conversion worsening,trigger_if_applicable
RR.CROSS.008,Supplier concentration high AND defect rate high AND customer complaints high,CROSS,risk_rule,canonical_risk_mapping,v1.2/reviewed,RISK.010,HIGH,Supplier concentration high AND defect rate high AND customer complaints high,trigger_if_applicable
RR.CROSS.009,Management turnover high AND R&D intensity low AND churn high,CROSS,risk_rule,canonical_risk_mapping,v1.2/reviewed,RISK.006,HIGH,Management turnover high AND R&D intensity low AND churn high,trigger_if_applicable
RR.CROSS.010,Compliance incidents high AND refinancing pressure high AND covenant headroom low,CROSS,risk_rule,canonical_risk_mapping,v1.2/reviewed,RISK.011,CRITICAL,Compliance incidents high AND refinancing pressure high AND covenant headroom low,trigger_if_applicable
RR.CROSS.011,Data accuracy low AND policy trend tightening AND logistics delivery reliability low,CROSS,risk_rule,canonical_risk_mapping,v1.2/reviewed,RISK.022,HIGH,Data accuracy low AND policy trend tightening AND logistics delivery reliability low,trigger_if_applicable
RR.CUST.016.001,Top1 Customer Revenue Ratio > 30%,CUST,risk_rule,canonical_risk_mapping,v1.2/reviewed,RISK.004,HIGH,Top1 Customer Revenue Ratio > 30%,trigger_if_applicable
RR.CUST.018.001,Top5 Customer Revenue Ratio > 60%,CUST,risk_rule,canonical_risk_mapping,v1.2/reviewed,RISK.004,HIGH,Top5 Customer Revenue Ratio > 60%,trigger_if_applicable
RR.DATA.001.001,Data Coverage < 70%,DATA,risk_rule,canonical_risk_mapping,v1.2/reviewed,RISK.021,HIGH,Data Coverage < 70%,trigger_if_applicable
RR.DATA.002.001,Data Accuracy < 85%,DATA,risk_rule,canonical_risk_mapping,v1.2/reviewed,RISK.021,HIGH,Data Accuracy < 85%,trigger_if_applicable
RR.DATA.008.001,Data Licensing Ownership Compliance = non_compliant,DATA,risk_rule,canonical_risk_mapping,v1.2/reviewed,RISK.021,CRITICAL,Data Licensing Ownership Compliance = non_compliant,trigger_if_applicable
RR.FIN.055.001,Interest Coverage < 3x,FIN,risk_rule,canonical_risk_mapping,v1.2/reviewed,RISK.009,HIGH,Interest Coverage < 3x,trigger_if_applicable
RR.FIN.060.001,Net Debt / EBITDA > 4x,FIN,risk_rule,canonical_risk_mapping,v1.2/reviewed,RISK.009,HIGH,Net Debt / EBITDA > 4x,trigger_if_applicable
RR.FIN.060.002,Net Debt / EBITDA > 6x,FIN,risk_rule,canonical_risk_mapping,v1.2/reviewed,RISK.009,CRITICAL,Net Debt / EBITDA > 6x,trigger_if_applicable
RR.IP.001.001,IP pledge not released AND listing blocked,IP,risk_rule,canonical_risk_mapping,v1.2/reviewed,RISK.IP01,HIGH,IP pledge not released AND listing blocked,trigger_if_applicable
RR.IP.002.001,Co-owned IP share > 30% AND independence impaired,IP,risk_rule,canonical_risk_mapping,v1.2/reviewed,RISK.IP02,HIGH,Co-owned IP share > 30% AND independence impaired,trigger_if_applicable
RR.IP.003.001,Core employee without IPAgreement AND key-person dependency,IP,risk_rule,canonical_risk_mapping,v1.2/reviewed,RISK.IP03,MEDIUM,Core employee without IPAgreement AND key-person dependency,trigger_if_applicable
RR.LEGAL.039.001,EHS System Maturity < 60,LEGAL,risk_rule,canonical_risk_mapping,v1.2/reviewed,RISK.011,HIGH,EHS System Maturity < 60,trigger_if_applicable
RR.LOGI.002.001,Logistics Provider Concentration > 0.25,LOGI,risk_rule,canonical_risk_mapping,v1.2/reviewed,RISK.022,HIGH,Logistics Provider Concentration > 0.25,trigger_if_applicable
RR.LOGI.005.001,Logistics Delivery Reliability < 92%,LOGI,risk_rule,canonical_risk_mapping,v1.2/reviewed,RISK.022,HIGH,Logistics Delivery Reliability < 92%,trigger_if_applicable
RR.MGMT.011.001,Senior Management Turnover Rate > 25%,MGMT,risk_rule,canonical_risk_mapping,v1.2/reviewed,RISK.008,HIGH,Senior Management Turnover Rate > 25%,trigger_if_applicable
RR.MGMT.041.001,Functional Team Attrition Rate > 20%,MGMT,risk_rule,canonical_risk_mapping,v1.2/reviewed,RISK.008,HIGH,Functional Team Attrition Rate > 20%,trigger_if_applicable
RR.MKT.042.001,Policy Trend Direction = tightening,MKT,risk_rule,canonical_risk_mapping,v1.2/reviewed,RISK.011,HIGH,Policy Trend Direction = tightening,trigger_if_applicable
RR.PROD.050.001,Quality Control System Maturity < 70,PROD,risk_rule,canonical_risk_mapping,v1.2/reviewed,RISK.005,HIGH,Quality Control System Maturity < 70,trigger_if_applicable
RR.PROD.051.001,Production Process Documentation Completeness < 80%,PROD,risk_rule,canonical_risk_mapping,v1.2/reviewed,RISK.005,HIGH,Production Process Documentation Completeness < 80%,trigger_if_applicable
RR.TREND.001,Revenue Growth declines for 3 consecutive periods,TREND,risk_rule,canonical_risk_mapping,v1.2/reviewed,RISK.003,HIGH,Revenue Growth declines for 3 consecutive periods,trigger_if_applicable
RR.TREND.002,Gross Margin declines >300bps for 3 consecutive periods,TREND,risk_rule,canonical_risk_mapping,v1.2/reviewed,RISK.009,HIGH,Gross Margin declines >300bps for 3 consecutive periods,trigger_if_applicable
RR.TREND.003,Customer Churn Rate increases for 2 consecutive periods,TREND,risk_rule,canonical_risk_mapping,v1.2/reviewed,RISK.004,HIGH,Customer Churn Rate increases for 2 consecutive periods,trigger_if_applicable
RR.TREND.004,Operating Cash Flow Margin declines for 3 consecutive periods,TREND,risk_rule,canonical_risk_mapping,v1.2/reviewed,RISK.009,HIGH,Operating Cash Flow Margin declines for 3 consecutive periods,trigger_if_applicable
RR.TREND.005,Forecast Accuracy declines for 2 consecutive periods,TREND,risk_rule,canonical_risk_mapping,v1.2/reviewed,RISK.008,MEDIUM,Forecast Accuracy declines for 2 consecutive periods,trigger_if_applicable
