node_id,node_type,question_type,layer
QF001,Question,Financial,L1
QF002,Question,Financial,L1
QF003,Question,Financial,L1
QF004,Question,Financial,L1
QF005,Question,Financial,L1
QF006,Question,Financial,L1
QF007,Question,Financial,L1
QF008,Question,Financial,L1
QF009,Question,Financial,L1
QF010,Question,Financial,L1
QF011,Question,Financial,L1
QF012,Question,Financial,L1
QF013,Question,Financial,L1
QF014,Question,Financial,L1
QF015,Question,Financial,L1
QF016,Question,Financial,L1
QF017,Question,Financial,L1
QF018,Question,Financial,L1
QF019,Question,Financial,L1
QF020,Question,Financial,L1
QF021,Question,Financial,L1
QF022,Question,Financial,L1
QF023,Question,Financial,L1
QF024,Question,Financial,L1
QF025,Question,Financial,L1
QF026,Question,Financial,L1
QF027,Question,Financial,L1
QF028,Question,Financial,L1
QF029,Question,Financial,L1
QF030,Question,Financial,L1
QF031,Question,Financial,L1
QF032,Question,Financial,L1
QF033,Question,Financial,L1
QF034,Question,Financial,L1
QF035,Question,Financial,L1
QF036,Question,Financial,L1
QF037,Question,Financial,L1
QF038,Question,Financial,L1
QF039,Question,Financial,L1
QF040,Question,Financial,L1
QF041,Question,Financial,L1
QF042,Question,Financial,L1
QF043,Question,Financial,L1
QF044,Question,Financial,L1
QF045,Question,Financial,L1
QF046,Question,Financial,L1
QF047,Question,Financial,L1
QF048,Question,Financial,L1
QF049,Question,Financial,L1
QF050,Question,Financial,L1
QF051,Question,Financial,L1
QF052,Question,Financial,L1
QF053,Question,Financial,L1
QF054,Question,Financial,L1
QF055,Question,Financial,L1
QF056,Question,Financial,L1
QF057,Question,Financial,L1
QF058,Question,Financial,L1
QF059,Question,Financial,L1
QF060,Question,Financial,L1
QF061,Question,Financial,L1
QF062,Question,Financial,L1
QF063,Question,Financial,L1
QF064,Question,Financial,L1
QF065,Question,Financial,L1
QF066,Question,Financial,L1
QF067,Question,Financial,L1
QF068,Question,Financial,L1
QF069,Question,Financial,L1
QF070,Question,Financial,L1
QF071,Question,Financial,L1
QF072,Question,Financial,L1
QF073,Question,Financial,L1
QF074,Question,Financial,L1
QF075,Question,Financial,L1
QF076,Question,Financial,L1
QF077,Question,Financial,L1
QF078,Question,Financial,L1
QF079,Question,Financial,L1
QF080,Question,Financial,L1
QF081,Question,Financial,L1
QF082,Question,Financial,L1
QF083,Question,Financial,L1
QF084,Question,Financial,L1
QF085,Question,Financial,L1
QF086,Question,Financial,L1
QF087,Question,Financial,L1
QF088,Question,Financial,L1
QF089,Question,Financial,L1
QF090,Question,Financial,L1
QF091,Question,Financial,L1
QF092,Question,Financial,L1
QF093,Question,Financial,L1
QF094,Question,Financial,L1
QF095,Question,Financial,L1
QF096,Question,Financial,L1
QF097,Question,Financial,L1
QF098,Question,Financial,L1
QF099,Question,Financial,L1
QF100,Question,Financial,L1
QL002,Question,Legal,L1
QL003,Question,Legal,L1
QL004,Question,Legal,L1
QL005,Question,Legal,L1
QL006,Question,Legal,L1
QL007,Question,Legal,L1
QL008,Question,Legal,L1
QL009,Question,Legal,L1
QL010,Question,Legal,L1
QL011,Question,Legal,L1
QL012,Question,Legal,L1
QL013,Question,Legal,L1
QL014,Question,Legal,L1
QL015,Question,Legal,L1
QL016,Question,Legal,L1
QL017,Question,Legal,L1
QL018,Question,Legal,L1
QL019,Question,Legal,L1
QL020,Question,Legal,L1
QL021,Question,Legal,L1
QL022,Question,Legal,L1
QL023,Question,Legal,L1
QL024,Question,Legal,L1
QL025,Question,Legal,L1
QL026,Question,Legal,L1
QL027,Question,Legal,L1
QL028,Question,Legal,L1
QL029,Question,Legal,L1
QL030,Question,Legal,L1
QL031,Question,Legal,L1
QL032,Question,Legal,L1
QL033,Question,Legal,L1
QL034,Question,Legal,L1
QL035,Question,Legal,L1
QL036,Question,Legal,L1
QL037,Question,Legal,L1
QL038,Question,Legal,L1
QL039,Question,Legal,L1
QL040,Question,Legal,L1
QL041,Question,Legal,L1
QL042,Question,Legal,L1
QL043,Question,Legal,L1
QL044,Question,Legal,L1
QL045,Question,Legal,L1
QL046,Question,Legal,L1
QL047,Question,Legal,L1
QL048,Question,Legal,L1
QL049,Question,Legal,L1
QL050,Question,Legal,L1
QL051,Question,Legal,L1
QL052,Question,Legal,L1
QL053,Question,Legal,L1
QL054,Question,Legal,L1
QL055,Question,Legal,L1
QL056,Question,Legal,L1
QL057,Question,Legal,L1
QL058,Question,Legal,L1
QL059,Question,Legal,L1
QL060,Question,Legal,L1
QL061,Question,Legal,L1
QL062,Question,Legal,L1
QL063,Question,Legal,L1
QL064,Question,Legal,L1
QL065,Question,Legal,L1
QL066,Question,Legal,L1
QL067,Question,Legal,L1
QL068,Question,Legal,L1
QL069,Question,Legal,L1
QL070,Question,Legal,L1
QL071,Question,Legal,L1
QL072,Question,Legal,L1
QL073,Question,Legal,L1
QL074,Question,Legal,L1
QL075,Question,Legal,L1
QL076,Question,Legal,L1
QL077,Question,Legal,L1
QL078,Question,Legal,L1
QL079,Question,Legal,L1
QL080,Question,Legal,L1
QL081,Question,Legal,L1
QL082,Question,Legal,L1
QL083,Question,Legal,L1
QL084,Question,Legal,L1
